-- phpMyAdmin SQL Dump
-- version 5.2.1
-- https://www.phpmyadmin.net/
--
-- Host: 127.0.0.1
-- Generation Time: Jun 23, 2024 at 01:01 AM
-- Server version: 10.4.32-MariaDB
-- PHP Version: 8.2.12

SET SQL_MODE = "NO_AUTO_VALUE_ON_ZERO";
START TRANSACTION;
SET time_zone = "+00:00";


/*!40101 SET @OLD_CHARACTER_SET_CLIENT=@@CHARACTER_SET_CLIENT */;
/*!40101 SET @OLD_CHARACTER_SET_RESULTS=@@CHARACTER_SET_RESULTS */;
/*!40101 SET @OLD_COLLATION_CONNECTION=@@COLLATION_CONNECTION */;
/*!40101 SET NAMES utf8mb4 */;

--
-- Database: `herbnangel`
--

-- --------------------------------------------------------

--
-- Table structure for table `branch_record`
--

CREATE TABLE `branch_record` (
  `code` varchar(11) NOT NULL,
  `branch_name` varchar(100) NOT NULL,
  `branch_address` varchar(255) NOT NULL,
  `contact_person` varchar(100) NOT NULL,
  `contact_number` varchar(100) NOT NULL,
  `email` varchar(100) NOT NULL
) ENGINE=InnoDB DEFAULT CHARSET=utf8mb4 COLLATE=utf8mb4_general_ci;

--
-- Dumping data for table `branch_record`
--

INSERT INTO `branch_record` (`code`, `branch_name`, `branch_address`, `contact_person`, `contact_number`, `email`) VALUES
('1', 'CALUMPANG', 'Calumpang, Binangonan, Rizal', 'Mark Doblada', '09271174533', 'marknino175@gmail.com'),
('10', 'MARILAQUE', 'Marilaque, Antipolo Rizal', 'Dan Carlo Alvarado', '09455517380', 'dobladaherb09@gmail.com'),
('11', 'LAYUNAN 2', 'FBaltazar Layunan Binangonan Rizal', 'Jude V. Fresnido', '09389844433', 'judefresnido7@gmail.com'),
('2', 'LAYUNAN', 'Estacio JP Rizal Street Layunan , Binangonan, Rizal', 'John Lyod Camero', '09602377565', 'johnlloydcamero123@gmail.com'),
('3', 'CARDONA', 'Cardona, Rizal', 'Aulie Van August G. Raymundo', '09530344672', 'nget1703@gmail.com'),
('4', 'PALANGOY', 'Palangoy, Binangonan Rizal', 'Terence Gabriel I. Madera', '09515819708', 'tgim.gabs@gmail.com'),
('5', 'MABUHAY', 'Phase 2 Mabuhay City Mamatid City of Cabuyao, Laguna', 'Fernando Jr. Pontillas', '09487414785', 'pontillasfern@gmail.com'),
('6', '3 SQUARE CORNER', '3 Square Corner Unit 4 Lot1 A Nia Rd, Banay-banay, City of Cabuyao Laguna', 'Ken Ross T. Ladica', '09547506485', 'koopalkagar@gmail.com'),
('7', 'ALFONSO', 'Alfonso Cavite', 'Jhon Michael R. Medenilla', '09301986196', 'jhon11michael1992@gmail.com'),
('8', 'EDENVILLE ANGONO', 'Edenville Angono, Rizal', 'Jefferson Villanueva Lopez', '09957107070', 'jhoeffgeisha08@gmail.com'),
('9', 'SAN ISIDRO ANGONO', 'San Isidro Angono, Rizal', 'Ricky Mariñas', '09536888389', 'marinasricky218@gmail.com');

-- --------------------------------------------------------

--
-- Table structure for table `dealer_record`
--

CREATE TABLE `dealer_record` (
  `code` varchar(11) NOT NULL,
  `dealer_name` varchar(100) NOT NULL,
  `dealer_address` varchar(255) NOT NULL,
  `contact_person` varchar(100) NOT NULL,
  `contact_number` varchar(100) NOT NULL,
  `email` varchar(100) NOT NULL
) ENGINE=InnoDB DEFAULT CHARSET=utf8mb4 COLLATE=utf8mb4_general_ci;

--
-- Dumping data for table `dealer_record`
--

INSERT INTO `dealer_record` (`code`, `dealer_name`, `dealer_address`, `contact_person`, `contact_number`, `email`) VALUES
('1', 'Dealer 1', 'Dealer 1', 'Dealer 1', 'Dealer 1', 'dealer1@gmail.com');

-- --------------------------------------------------------

--
-- Table structure for table `excel_import`
--

CREATE TABLE `excel_import` (
  `date` date NOT NULL,
  `productname` varchar(255) NOT NULL,
  `supplier_price` decimal(10,2) NOT NULL,
  `units_received` int(11) NOT NULL,
  `total_value` decimal(10,2) NOT NULL
) ENGINE=InnoDB DEFAULT CHARSET=utf8mb4 COLLATE=utf8mb4_general_ci;

-- --------------------------------------------------------

--
-- Table structure for table `excel_returned`
--

CREATE TABLE `excel_returned` (
  `productname` varchar(255) NOT NULL,
  `returned_units` int(11) NOT NULL,
  `price` float NOT NULL,
  `date_bought` date NOT NULL,
  `date_returned` date NOT NULL,
  `remarks` varchar(255) NOT NULL
) ENGINE=InnoDB DEFAULT CHARSET=utf8mb4 COLLATE=utf8mb4_general_ci;

-- --------------------------------------------------------

--
-- Table structure for table `expenses_admin`
--

CREATE TABLE `expenses_admin` (
  `id` int(11) NOT NULL,
  `date` date NOT NULL,
  `description` varchar(255) NOT NULL,
  `amount` float NOT NULL,
  `code` int(11) NOT NULL,
  `location` varchar(255) NOT NULL
) ENGINE=InnoDB DEFAULT CHARSET=utf8mb4 COLLATE=utf8mb4_general_ci;

--
-- Dumping data for table `expenses_admin`
--

INSERT INTO `expenses_admin` (`id`, `date`, `description`, `amount`, `code`, `location`) VALUES
(1, '2024-05-22', 'Rent', 50000, 1, 'Admin');

-- --------------------------------------------------------

--
-- Table structure for table `expenses_branch`
--

CREATE TABLE `expenses_branch` (
  `id` int(11) NOT NULL,
  `date` date NOT NULL,
  `description` varchar(255) NOT NULL,
  `amount` float NOT NULL,
  `code` varchar(255) NOT NULL
) ENGINE=InnoDB DEFAULT CHARSET=utf8mb4 COLLATE=utf8mb4_general_ci;

--
-- Dumping data for table `expenses_branch`
--

INSERT INTO `expenses_branch` (`id`, `date`, `description`, `amount`, `code`) VALUES
(1, '2024-06-18', 'Paint', 200, '2');

-- --------------------------------------------------------

--
-- Table structure for table `inflow_admin`
--

CREATE TABLE `inflow_admin` (
  `date` date NOT NULL,
  `barcode` int(11) NOT NULL,
  `supplier_price` float NOT NULL,
  `dealer_price` float NOT NULL,
  `srp` float NOT NULL,
  `units_received` int(11) NOT NULL,
  `totalvalue` varchar(100) NOT NULL,
  `totalvalue_dealer` varchar(255) NOT NULL,
  `totalvalue_srp` varchar(255) NOT NULL,
  `code` int(11) NOT NULL,
  `location` varchar(100) NOT NULL
) ENGINE=InnoDB DEFAULT CHARSET=utf8mb4 COLLATE=utf8mb4_general_ci;

-- --------------------------------------------------------

--
-- Table structure for table `inflow_branch`
--

CREATE TABLE `inflow_branch` (
  `date` date NOT NULL,
  `barcode` int(11) NOT NULL,
  `supplier_price` float NOT NULL,
  `dealer_price` float NOT NULL,
  `srp` float NOT NULL,
  `units_received` int(11) NOT NULL,
  `totalvalue_dealer` varchar(255) NOT NULL,
  `totalvalue_srp` varchar(255) NOT NULL,
  `totalvalue` varchar(100) NOT NULL,
  `code` varchar(199) NOT NULL
) ENGINE=InnoDB DEFAULT CHARSET=utf8mb4 COLLATE=utf8mb4_general_ci;

--
-- Dumping data for table `inflow_branch`
--

INSERT INTO `inflow_branch` (`date`, `barcode`, `supplier_price`, `dealer_price`, `srp`, `units_received`, `totalvalue_dealer`, `totalvalue_srp`, `totalvalue`, `code`) VALUES
('2024-05-26', 1, 12, 0, 0, 2, '', '', '24', '2'),
('2024-05-25', 718, 150, 0, 0, 4, '', '', '600.00', '7'),
('2024-05-25', 1580, 88, 0, 0, 1, '', '', '88.00', '7'),
('2024-05-25', 719, 88, 0, 0, 4, '', '', '352.00', '7'),
('2024-05-25', 716, 88, 0, 0, 9, '', '', '792.00', '7'),
('2024-05-25', 717, 90, 0, 0, 10, '', '', '900.00', '7'),
('2024-05-25', 730, 55, 0, 0, 5, '', '', '275.00', '7'),
('2024-05-25', 1558, 55, 0, 0, 10, '', '', '550.00', '7'),
('2024-05-25', 727, 55, 0, 0, 2, '', '', '110.00', '7'),
('2024-05-25', 724, 55, 0, 0, 7, '', '', '385.00', '7'),
('2024-05-25', 721, 55, 0, 0, 15, '', '', '825.00', '7'),
('2024-05-25', 728, 55, 0, 0, 6, '', '', '330.00', '7'),
('2024-05-25', 1557, 55, 0, 0, 7, '', '', '385.00', '7'),
('2024-05-25', 725, 55, 0, 0, 7, '', '', '385.00', '7'),
('2024-05-25', 723, 55, 0, 0, 4, '', '', '220.00', '7'),
('2024-05-25', 722, 55, 0, 0, 2, '', '', '110.00', '7'),
('2024-05-25', 729, 55, 0, 0, 8, '', '', '440.00', '7'),
('2024-05-25', 726, 55, 0, 0, 9, '', '', '495.00', '7'),
('2024-05-25', 720, 55, 0, 0, 12, '', '', '660.00', '7'),
('2024-05-25', 1850, 480, 0, 0, 1, '', '', '480.00', '7'),
('2024-05-25', 709, 480, 0, 0, 1, '', '', '480.00', '7'),
('2024-05-25', 1851, 480, 0, 0, 1, '', '', '480.00', '7'),
('2024-05-25', 1852, 480, 0, 0, 2, '', '', '960.00', '7'),
('2024-05-25', 1853, 480, 0, 0, 2, '', '', '960.00', '7'),
('2024-05-25', 1854, 480, 0, 0, 2, '', '', '960.00', '7'),
('2024-05-25', 712, 480, 0, 0, 1, '', '', '480.00', '7'),
('2024-05-25', 708, 480, 0, 0, 0, '', '', '0.00', '7'),
('2024-05-25', 1855, 480, 0, 0, 1, '', '', '480.00', '7'),
('2024-05-25', 1856, 480, 0, 0, 1, '', '', '480.00', '7'),
('2024-05-25', 711, 480, 0, 0, 1, '', '', '480.00', '7'),
('2024-05-25', 1857, 180, 0, 0, 5, '', '', '900.00', '7'),
('2024-05-25', 1858, 180, 0, 0, 5, '', '', '900.00', '7'),
('2024-05-25', 1859, 150, 0, 0, 5, '', '', '750.00', '7'),
('2024-05-25', 1860, 180, 0, 0, 5, '', '', '900.00', '7'),
('2024-05-25', 1861, 150, 0, 0, 5, '', '', '750.00', '7'),
('2024-05-25', 1862, 150, 0, 0, 5, '', '', '750.00', '7'),
('2024-05-25', 1863, 180, 0, 0, 5, '', '', '900.00', '7'),
('2024-05-25', 773, 150, 0, 0, 5, '', '', '750.00', '7'),
('2024-05-25', 1864, 150, 0, 0, 5, '', '', '750.00', '7'),
('2024-05-25', 1559, 30, 0, 0, 10, '', '', '300.00', '7'),
('2024-05-25', 1865, 30, 0, 0, 9, '', '', '270.00', '7'),
('2024-05-25', 772, 30, 0, 0, 5, '', '', '150.00', '7'),
('2024-05-25', 1866, 30, 0, 0, 10, '', '', '300.00', '7'),
('2024-05-25', 1867, 30, 0, 0, 6, '', '', '180.00', '7'),
('2024-05-25', 1562, 30, 0, 0, 10, '', '', '300.00', '7'),
('2024-05-25', 1868, 30, 0, 0, 5, '', '', '150.00', '7'),
('2024-05-25', 865, 30, 0, 0, 16, '', '', '480.00', '7'),
('2024-05-25', 1560, 30, 0, 0, 3, '', '', '90.00', '7'),
('2024-05-25', 863, 30, 0, 0, 8, '', '', '240.00', '7'),
('2024-05-25', 1869, 30, 0, 0, 9, '', '', '270.00', '7'),
('2024-05-25', 1815, 30, 0, 0, 9, '', '', '270.00', '7'),
('2024-05-25', 862, 30, 0, 0, 9, '', '', '270.00', '7'),
('2024-05-25', 1563, 30, 0, 0, 2, '', '', '60.00', '7'),
('2024-05-25', 1870, 30, 0, 0, 4, '', '', '120.00', '7'),
('2024-05-25', 1871, 120, 0, 0, 5, '', '', '600.00', '7'),
('2024-05-25', 1872, 120, 0, 0, 3, '', '', '360.00', '7'),
('2024-05-25', 1873, 120, 0, 0, 2, '', '', '240.00', '7'),
('2024-05-25', 1874, 120, 0, 0, 4, '', '', '480.00', '7'),
('2024-05-25', 1875, 120, 0, 0, 5, '', '', '600.00', '7'),
('2024-05-25', 1876, 120, 0, 0, 5, '', '', '600.00', '7'),
('2024-05-25', 1877, 120, 0, 0, 4, '', '', '480.00', '7'),
('2024-05-25', 1878, 120, 0, 0, 5, '', '', '600.00', '7'),
('2024-05-25', 1879, 120, 0, 0, 5, '', '', '600.00', '7'),
('2024-05-25', 1880, 120, 0, 0, 5, '', '', '600.00', '7'),
('2024-05-25', 1881, 120, 0, 0, 5, '', '', '600.00', '7'),
('2024-05-25', 1882, 120, 0, 0, 4, '', '', '480.00', '7'),
('2024-05-25', 1883, 120, 0, 0, 4, '', '', '480.00', '7'),
('2024-05-25', 1884, 120, 0, 0, 5, '', '', '600.00', '7'),
('2024-05-25', 687, 650, 0, 0, 0, '', '', '0.00', '7'),
('2024-05-25', 688, 650, 0, 0, 1, '', '', '650.00', '7'),
('2024-05-25', 689, 650, 0, 0, 1, '', '', '650.00', '7'),
('2024-05-25', 690, 650, 0, 0, 1, '', '', '650.00', '7'),
('2024-05-25', 691, 650, 0, 0, 1, '', '', '650.00', '7'),
('2024-05-25', 692, 200, 0, 0, 4, '', '', '800.00', '7'),
('2024-05-25', 693, 150, 0, 0, 0, '', '', '0.00', '7'),
('2024-05-25', 1885, 250, 0, 0, 0, '', '', '0.00', '7'),
('2024-05-25', 682, 250, 0, 0, 0, '', '', '0.00', '7'),
('2024-05-25', 683, 650, 0, 0, 0, '', '', '0.00', '7'),
('2024-05-25', 684, 350, 0, 0, 1, '', '', '350.00', '7'),
('2024-05-25', 686, 350, 0, 0, 0, '', '', '0.00', '7'),
('2024-05-25', 685, 350, 0, 0, 1, '', '', '350.00', '7'),
('2024-05-25', 694, 150, 0, 0, 1, '', '', '150.00', '7'),
('2024-05-25', 695, 220, 0, 0, 2, '', '', '440.00', '7'),
('2024-05-25', 696, 220, 0, 0, 2, '', '', '440.00', '7'),
('2024-05-25', 697, 150, 0, 0, 2, '', '', '300.00', '7'),
('2024-05-25', 698, 190, 0, 0, 2, '', '', '380.00', '7'),
('2024-05-25', 699, 220, 0, 0, 1, '', '', '220.00', '7'),
('2024-05-25', 700, 150, 0, 0, 1, '', '', '150.00', '7'),
('2024-05-25', 701, 220, 0, 0, 1, '', '', '220.00', '7'),
('2024-05-25', 702, 220, 0, 0, 1, '', '', '220.00', '7'),
('2024-05-25', 703, 150, 0, 0, 0, '', '', '0.00', '7'),
('2024-05-25', 1886, 250, 0, 0, 1, '', '', '250.00', '7'),
('2024-05-25', 1887, 200, 0, 0, 2, '', '', '400.00', '7'),
('2024-05-25', 1888, 200, 0, 0, 1, '', '', '200.00', '7'),
('2024-05-25', 1889, 250, 0, 0, 1, '', '', '250.00', '7'),
('2024-05-25', 1890, 550, 0, 0, 1, '', '', '550.00', '7'),
('2024-05-25', 1232, 220, 0, 0, 0, '', '', '0.00', '7'),
('2024-05-25', 1231, 450, 0, 0, 1, '', '', '450.00', '7'),
('2024-05-25', 663, 550, 0, 0, 1, '', '', '550.00', '7'),
('2024-05-25', 664, 550, 0, 0, 1, '', '', '550.00', '7'),
('2024-05-25', 665, 550, 0, 0, 1, '', '', '550.00', '7'),
('2024-05-25', 662, 250, 0, 0, 1, '', '', '250.00', '7'),
('2024-05-25', 667, 250, 0, 0, 0, '', '', '0.00', '7'),
('2024-05-25', 1233, 250, 0, 0, 0, '', '', '0.00', '7'),
('2024-05-25', 666, 450, 0, 0, 1, '', '', '450.00', '7'),
('2024-05-25', 1242, 550, 0, 0, 1, '', '', '550.00', '7'),
('2024-05-25', 1241, 650, 0, 0, 1, '', '', '650.00', '7'),
('2024-05-25', 1269, 750, 0, 0, 0, '', '', '0.00', '7'),
('2024-05-25', 1237, 350, 0, 0, 1, '', '', '350.00', '7'),
('2024-05-25', 1236, 350, 0, 0, 2, '', '', '700.00', '7'),
('2024-05-25', 1235, 350, 0, 0, 1, '', '', '350.00', '7'),
('2024-05-25', 1234, 400, 0, 0, 0, '', '', '0.00', '7'),
('2024-05-25', 1891, 55, 0, 0, 3, '', '', '165.00', '7'),
('2024-05-25', 1892, 55, 0, 0, 0, '', '', '0.00', '7'),
('2024-05-25', 1893, 55, 0, 0, 3, '', '', '165.00', '7'),
('2024-05-25', 1894, 55, 0, 0, 3, '', '', '165.00', '7'),
('2024-05-25', 1895, 55, 0, 0, 2, '', '', '110.00', '7'),
('2024-05-25', 1896, 55, 0, 0, 3, '', '', '165.00', '7'),
('2024-05-25', 1897, 55, 0, 0, 1, '', '', '55.00', '7'),
('2024-05-25', 1898, 55, 0, 0, 1, '', '', '55.00', '7'),
('2024-05-25', 1899, 55, 0, 0, 2, '', '', '110.00', '7'),
('2024-05-25', 1900, 55, 0, 0, 2, '', '', '110.00', '7'),
('2024-05-25', 1901, 55, 0, 0, 4, '', '', '220.00', '7'),
('2024-05-25', 1902, 55, 0, 0, 2, '', '', '110.00', '7'),
('2024-05-25', 1903, 55, 0, 0, 3, '', '', '165.00', '7'),
('2024-05-25', 1904, 55, 0, 0, 0, '', '', '0.00', '7'),
('2024-05-25', 1905, 55, 0, 0, 0, '', '', '0.00', '7'),
('2024-05-25', 1906, 55, 0, 0, 1, '', '', '55.00', '7'),
('2024-05-25', 1907, 55, 0, 0, 2, '', '', '110.00', '7'),
('2024-05-25', 1908, 55, 0, 0, 1, '', '', '55.00', '7'),
('2024-05-25', 1909, 250, 0, 0, 2, '', '', '500.00', '7'),
('2024-05-25', 1910, 250, 0, 0, 6, '', '', '1500.00', '7'),
('2024-05-25', 1911, 80, 0, 0, 2, '', '', '160.00', '7'),
('2024-05-25', 1912, 350, 0, 0, 2, '', '', '700.00', '7'),
('2024-05-25', 1913, 350, 0, 0, 3, '', '', '1050.00', '7'),
('2024-05-25', 1914, 250, 0, 0, 5, '', '', '1250.00', '7'),
('2024-05-25', 1915, 250, 0, 0, 3, '', '', '750.00', '7'),
('2024-05-25', 1916, 250, 0, 0, 3, '', '', '750.00', '7'),
('2024-05-25', 1917, 250, 0, 0, 4, '', '', '1000.00', '7'),
('2024-05-25', 1918, 250, 0, 0, 2, '', '', '500.00', '7'),
('2024-05-25', 731, 120, 0, 0, 23, '', '', '2760.00', '7'),
('2024-05-25', 732, 120, 0, 0, 15, '', '', '1800.00', '7'),
('2024-05-25', 733, 120, 0, 0, 25, '', '', '3000.00', '7'),
('2024-05-25', 713, 150, 0, 0, 7, '', '', '1050.00', '7'),
('2024-05-25', 714, 180, 0, 0, 3, '', '', '540.00', '7'),
('2024-05-25', 715, 150, 0, 0, 2, '', '', '300.00', '7'),
('2024-05-25', 1158, 180, 0, 0, 4, '', '', '720.00', '7'),
('2024-05-25', 1919, 180, 0, 0, 3, '', '', '540.00', '7'),
('2024-05-25', 1920, 40, 0, 0, 0, '', '', '0.00', '7'),
('2024-05-25', 1921, 70, 0, 0, 0, '', '', '0.00', '7'),
('2024-05-25', 1922, 70, 0, 0, 1, '', '', '70.00', '7'),
('2024-05-25', 1225, 70, 0, 0, 2, '', '', '140.00', '7'),
('2024-05-25', 763, 70, 0, 0, 1, '', '', '70.00', '7'),
('2024-05-25', 1923, 70, 0, 0, 0, '', '', '0.00', '7'),
('2024-05-25', 1924, 250, 0, 0, 2, '', '', '500.00', '7'),
('2024-05-25', 1925, 400, 0, 0, 1, '', '', '400.00', '7'),
('2024-05-25', 1144, 350, 0, 0, 2, '', '', '700.00', '7'),
('2024-05-25', 1926, 350, 0, 0, 2, '', '', '700.00', '7'),
('2024-05-25', 1927, 350, 0, 0, 2, '', '', '700.00', '7'),
('2024-05-25', 1928, 350, 0, 0, 2, '', '', '700.00', '7'),
('2024-05-25', 1929, 350, 0, 0, 2, '', '', '700.00', '7'),
('2024-05-25', 748, 550, 0, 0, 2, '', '', '1100.00', '7'),
('2024-05-25', 740, 550, 0, 0, 1, '', '', '550.00', '7'),
('2024-05-25', 742, 550, 0, 0, 0, '', '', '0.00', '7'),
('2024-05-25', 743, 550, 0, 0, 1, '', '', '550.00', '7'),
('2024-05-25', 744, 550, 0, 0, 1, '', '', '550.00', '7'),
('2024-05-25', 747, 550, 0, 0, 1, '', '', '550.00', '7'),
('2024-05-25', 758, 550, 0, 0, 1, '', '', '550.00', '7'),
('2024-05-25', 756, 550, 0, 0, 0, '', '', '0.00', '7'),
('2024-05-25', 757, 280, 0, 0, 0, '', '', '0.00', '7'),
('2024-05-25', 1930, 280, 0, 0, 0, '', '', '0.00', '7'),
('2024-05-25', 1931, 280, 0, 0, 1, '', '', '280.00', '7'),
('2024-05-25', 1932, 280, 0, 0, 1, '', '', '280.00', '7'),
('2024-05-25', 759, 380, 0, 0, 0, '', '', '0.00', '7'),
('2024-05-25', 760, 480, 0, 0, 1, '', '', '480.00', '7'),
('2024-05-25', 761, 480, 0, 0, 0, '', '', '0.00', '7'),
('2024-05-25', 1933, 380, 0, 0, 0, '', '', '0.00', '7'),
('2024-05-25', 734, 650, 0, 0, 1, '', '', '650.00', '7'),
('2024-05-25', 735, 650, 0, 0, 1, '', '', '650.00', '7'),
('2024-05-25', 736, 650, 0, 0, 1, '', '', '650.00', '7'),
('2024-05-25', 738, 750, 0, 0, 1, '', '', '750.00', '7'),
('2024-05-25', 739, 750, 0, 0, 1, '', '', '750.00', '7'),
('2024-05-25', 669, 150, 0, 0, 1, '', '', '150.00', '7'),
('2024-05-25', 670, 150, 0, 0, 1, '', '', '150.00', '7'),
('2024-05-25', 671, 150, 0, 0, 1, '', '', '150.00', '7'),
('2024-05-25', 672, 150, 0, 0, 0, '', '', '0.00', '7'),
('2024-05-25', 673, 150, 0, 0, 2, '', '', '300.00', '7'),
('2024-05-25', 674, 150, 0, 0, 1, '', '', '150.00', '7'),
('2024-05-25', 675, 150, 0, 0, 1, '', '', '150.00', '7'),
('2024-05-25', 676, 150, 0, 0, 1, '', '', '150.00', '7'),
('2024-05-25', 677, 150, 0, 0, 2, '', '', '300.00', '7'),
('2024-05-25', 678, 150, 0, 0, 2, '', '', '300.00', '7'),
('2024-05-25', 679, 150, 0, 0, 1, '', '', '150.00', '7'),
('2024-05-25', 680, 150, 0, 0, 1, '', '', '150.00', '7'),
('2024-05-25', 681, 150, 0, 0, 2, '', '', '300.00', '7'),
('2024-05-25', 1248, 150, 0, 0, 0, '', '', '0.00', '7'),
('2024-05-25', 1934, 200, 0, 0, 3, '', '', '600.00', '7'),
('2024-05-25', 1935, 200, 0, 0, 4, '', '', '800.00', '7'),
('2024-05-25', 1936, 220, 0, 0, 2, '', '', '440.00', '7'),
('2024-05-25', 668, 430, 0, 0, 6, '', '', '2580.00', '7'),
('2024-05-25', 1249, 95, 0, 0, 0, '', '', '0.00', '7'),
('2024-05-25', 1319, 95, 0, 0, 1, '', '', '95.00', '7'),
('2024-05-25', 1254, 95, 0, 0, 1, '', '', '95.00', '7'),
('2024-05-25', 1252, 95, 0, 0, 1, '', '', '95.00', '7'),
('2024-05-25', 1251, 95, 0, 0, 1, '', '', '95.00', '7'),
('2024-05-25', 1257, 95, 0, 0, 2, '', '', '190.00', '7'),
('2024-05-25', 1250, 95, 0, 0, 1, '', '', '95.00', '7'),
('2024-05-25', 1253, 95, 0, 0, 1, '', '', '95.00', '7'),
('2024-05-25', 1256, 95, 0, 0, 0, '', '', '0.00', '7'),
('2024-05-25', 1245, 50, 0, 0, 1, '', '', '50.00', '7'),
('2024-05-25', 1043, 654, 0, 0, 2, '', '', '1308.00', '7'),
('2024-05-25', 1044, 684, 0, 0, 2, '', '', '1368.00', '7'),
('2024-05-25', 2749, 2052, 0, 0, 1, '', '', '2052.00', '7'),
('2024-05-25', 1048, 897, 0, 0, 1, '', '', '897.00', '7'),
('2024-05-25', 1037, 730, 0, 0, 1, '', '', '730.00', '7'),
('2024-05-25', 1042, 1064, 0, 0, 0, '', '', '0.00', '7'),
('2024-05-25', 2608, 535, 0, 0, 3, '', '', '1605.00', '7'),
('2024-05-25', 2609, 430, 0, 0, 1, '', '', '430.00', '7'),
('2024-05-25', 1570, 936, 0, 0, 2, '', '', '1872.00', '7'),
('2024-05-25', 1569, 906, 0, 0, 2, '', '', '1812.00', '7'),
('2024-05-25', 1568, 786, 0, 0, 2, '', '', '1572.00', '7'),
('2024-05-25', 1567, 951, 0, 0, 2, '', '', '1902.00', '7'),
('2024-05-25', 1566, 1014, 0, 0, 2, '', '', '2028.00', '7'),
('2024-05-25', 63, 153, 0, 0, 3, '', '', '459.00', '7'),
('2024-05-25', 62, 162, 0, 0, 3, '', '', '486.00', '7'),
('2024-05-25', 60, 155, 0, 0, 3, '', '', '465.00', '7'),
('2024-05-25', 61, 165, 0, 0, 9, '', '', '1485.00', '7'),
('2024-05-25', 379, 75, 0, 0, 49, '', '', '3675.00', '7'),
('2024-05-25', 56, 280, 0, 0, 2, '', '', '560.00', '7'),
('2024-05-25', 162, 145, 0, 0, 2, '', '', '290.00', '7'),
('2024-05-25', 165, 145, 0, 0, 4, '', '', '580.00', '7'),
('2024-05-25', 866, 145, 0, 0, 7, '', '', '1015.00', '7'),
('2024-05-25', 2915, 1639, 0, 0, 0, '', '', '0.00', '7'),
('2024-05-25', 2914, 1283, 0, 0, 1, '', '', '1283.00', '7'),
('2024-05-25', 2356, 2350, 0, 0, 1, '', '', '2350.00', '7'),
('2024-05-25', 2752, 2350, 0, 0, 0, '', '', '0.00', '7'),
('2024-05-25', 2754, 2350, 0, 0, 1, '', '', '2350.00', '7'),
('2024-05-25', 59, 59, 0, 0, 5, '', '', '295.00', '7'),
('2024-05-25', 155, 100, 0, 0, 3, '', '', '300.00', '7'),
('2024-05-25', 53, 30, 0, 0, 1, '', '', '30.00', '7'),
('2024-05-25', 244, 115, 0, 0, 4, '', '', '460.00', '7'),
('2024-05-25', 245, 115, 0, 0, 1, '', '', '115.00', '7'),
('2024-05-25', 246, 115, 0, 0, 3, '', '', '345.00', '7'),
('2024-05-25', 883, 130, 0, 0, 2, '', '', '260.00', '7'),
('2024-05-25', 104, 840, 0, 0, 1, '', '', '840.00', '7'),
('2024-05-25', 103, 840, 0, 0, 1, '', '', '840.00', '7'),
('2024-05-25', 106, 750, 0, 0, 1, '', '', '750.00', '7'),
('2024-05-25', 107, 620, 0, 0, 1, '', '', '620.00', '7'),
('2024-05-25', 445, 361, 0, 0, 2, '', '', '723.00', '7'),
('2024-05-25', 292, 16, 0, 0, 5, '', '', '80.00', '7'),
('2024-05-25', 567, 160, 0, 0, 3, '', '', '480.00', '7'),
('2024-05-25', 309, 10, 0, 0, 0, '', '', '0.00', '7'),
('2024-05-25', 291, 7, 0, 0, 0, '', '', '0.00', '7'),
('2024-05-25', 205, 530, 0, 0, 0, '', '', '0.00', '7'),
('2024-05-25', 290, 65, 0, 0, 6, '', '', '390.00', '7'),
('2024-05-25', 338, 152, 0, 0, 5, '', '', '760.00', '7'),
('2024-05-25', 853, 151, 0, 0, 0, '', '', '0.00', '7'),
('2024-05-25', 280, 622, 0, 0, 1, '', '', '622.00', '7'),
('2024-05-25', 600, 666, 0, 0, 2, '', '', '1332.00', '7'),
('2024-05-25', 161, 145, 0, 0, 1, '', '', '145.00', '7'),
('2024-05-25', 164, 145, 0, 0, 0, '', '', '0.00', '7'),
('2024-05-25', 65, 16, 0, 0, 2, '', '', '32.00', '7'),
('2024-05-25', 54, 265, 0, 0, 1, '', '', '265.00', '7'),
('2024-05-25', 55, 270, 0, 0, 0, '', '', '0.00', '7'),
('2024-05-25', 1342, 265, 0, 0, 16, '', '', '4240.00', '7'),
('2024-05-25', 1937, 252, 0, 0, 0, '', '', '0.00', '7'),
('2024-05-25', 1938, 261, 0, 0, 1, '', '', '261.00', '7'),
('2024-05-25', 1939, 271, 0, 0, 1, '', '', '271.00', '7'),
('2024-05-25', 1940, 310, 0, 0, 2, '', '', '620.00', '7'),
('2024-05-25', 1941, 271, 0, 0, 0, '', '', '0.00', '7'),
('2024-05-25', 1942, 310, 0, 0, 2, '', '', '620.00', '7'),
('2024-05-25', 569, 271, 0, 0, 1, '', '', '271.00', '7'),
('2024-05-25', 1943, 269, 0, 0, 3, '', '', '807.00', '7'),
('2024-05-25', 1944, 65, 0, 0, 3, '', '', '195.00', '7'),
('2024-05-25', 1945, 65, 0, 0, 3, '', '', '195.00', '7'),
('2024-05-25', 1946, 65, 0, 0, 1, '', '', '65.00', '7'),
('2024-05-25', 1947, 65, 0, 0, 4, '', '', '260.00', '7'),
('2024-05-25', 1948, 65, 0, 0, 2, '', '', '130.00', '7'),
('2024-05-25', 1949, 250, 0, 0, 1, '', '', '250.00', '7'),
('2024-05-25', 1950, 130, 0, 0, 2, '', '', '260.00', '7'),
('2024-05-25', 1951, 220, 0, 0, 0, '', '', '0.00', '7'),
('2024-05-25', 1952, 5, 0, 0, 168, '', '', '840.00', '7'),
('2024-05-25', 30, 65, 0, 0, 2, '', '', '130.00', '7'),
('2024-05-25', 1953, 700, 0, 0, 3, '', '', '2100.00', '7'),
('2024-05-25', 1954, 151, 0, 0, 1, '', '', '151.00', '7'),
('2024-05-25', 1955, 1980, 0, 0, 1, '', '', '1980.00', '7'),
('2024-05-25', 1956, 1980, 0, 0, 0, '', '', '0.00', '7'),
('2024-05-25', 1957, 1980, 0, 0, 0, '', '', '0.00', '7'),
('2024-05-25', 1958, 1980, 0, 0, 1, '', '', '1980.00', '7'),
('2024-05-25', 1959, 1980, 0, 0, 1, '', '', '1980.00', '7'),
('2024-05-25', 1960, 1980, 0, 0, 1, '', '', '1980.00', '7'),
('2024-05-25', 1961, 1980, 0, 0, 1, '', '', '1980.00', '7'),
('2024-05-25', 1962, 1980, 0, 0, 1, '', '', '1980.00', '7'),
('2024-05-25', 1963, 1980, 0, 0, 1, '', '', '1980.00', '7'),
('2024-05-25', 1964, 1980, 0, 0, 1, '', '', '1980.00', '7'),
('2024-05-25', 1965, 1020, 0, 0, 1, '', '', '1020.00', '7'),
('2024-05-25', 1966, 1020, 0, 0, 0, '', '', '0.00', '7'),
('2024-05-25', 1967, 1020, 0, 0, 1, '', '', '1020.00', '7'),
('2024-05-25', 1968, 1020, 0, 0, 0, '', '', '0.00', '7'),
('2024-05-25', 1969, 1020, 0, 0, 0, '', '', '0.00', '7'),
('2024-05-25', 1970, 1020, 0, 0, 0, '', '', '0.00', '7'),
('2024-05-25', 1971, 1020, 0, 0, 0, '', '', '0.00', '7'),
('2024-05-25', 1972, 1500, 0, 0, 0, '', '', '0.00', '7'),
('2024-05-25', 1973, 1500, 0, 0, 1, '', '', '1500.00', '7'),
('2024-05-25', 1974, 1500, 0, 0, 1, '', '', '1500.00', '7'),
('2024-05-25', 1975, 1500, 0, 0, 1, '', '', '1500.00', '7'),
('2024-05-25', 1976, 1500, 0, 0, 0, '', '', '0.00', '7'),
('2024-05-25', 1977, 1500, 0, 0, 1, '', '', '1500.00', '7'),
('2024-05-25', 1978, 1500, 0, 0, 1, '', '', '1500.00', '7'),
('2024-05-25', 1979, 1500, 0, 0, 1, '', '', '1500.00', '7'),
('2024-05-25', 1980, 750, 0, 0, 1, '', '', '750.00', '7'),
('2024-05-25', 1981, 750, 0, 0, 1, '', '', '750.00', '7'),
('2024-05-25', 1982, 750, 0, 0, 1, '', '', '750.00', '7'),
('2024-05-25', 1983, 750, 0, 0, 0, '', '', '0.00', '7'),
('2024-05-25', 1984, 750, 0, 0, 0, '', '', '0.00', '7'),
('2024-05-25', 1985, 175, 0, 0, 0, '', '', '0.00', '7'),
('2024-05-25', 1986, 175, 0, 0, 2, '', '', '350.00', '7'),
('2024-05-25', 1987, 175, 0, 0, 1, '', '', '175.00', '7'),
('2024-05-25', 1988, 175, 0, 0, 1, '', '', '175.00', '7'),
('2024-05-25', 1989, 175, 0, 0, 0, '', '', '0.00', '7'),
('2024-05-25', 1990, 175, 0, 0, 0, '', '', '0.00', '7'),
('2024-05-25', 1991, 175, 0, 0, 1, '', '', '175.00', '7'),
('2024-05-25', 1992, 175, 0, 0, 1, '', '', '175.00', '7'),
('2024-05-25', 1993, 175, 0, 0, 1, '', '', '175.00', '7'),
('2024-05-25', 1994, 175, 0, 0, 1, '', '', '175.00', '7'),
('2024-05-25', 1995, 175, 0, 0, 2, '', '', '350.00', '7'),
('2024-05-25', 1996, 175, 0, 0, 3, '', '', '525.00', '7'),
('2024-05-25', 1997, 175, 0, 0, 2, '', '', '350.00', '7'),
('2024-05-25', 1998, 175, 0, 0, 0, '', '', '0.00', '7'),
('2024-05-25', 1999, 175, 0, 0, 0, '', '', '0.00', '7'),
('2024-05-25', 2000, 175, 0, 0, 0, '', '', '0.00', '7'),
('2024-05-25', 2001, 175, 0, 0, 0, '', '', '0.00', '7'),
('2024-05-25', 2002, 175, 0, 0, 0, '', '', '0.00', '7'),
('2024-05-25', 2003, 175, 0, 0, 0, '', '', '0.00', '7'),
('2024-05-25', 2004, 175, 0, 0, 1, '', '', '175.00', '7'),
('2024-05-25', 2005, 175, 0, 0, 0, '', '', '0.00', '7'),
('2024-05-25', 2006, 175, 0, 0, 0, '', '', '0.00', '7'),
('2024-05-25', 2007, 175, 0, 0, 0, '', '', '0.00', '7'),
('2024-05-25', 2008, 140, 0, 0, 1, '', '', '140.00', '7'),
('2024-05-25', 2009, 140, 0, 0, 1, '', '', '140.00', '7'),
('2024-05-25', 2010, 140, 0, 0, 1, '', '', '140.00', '7'),
('2024-05-25', 2011, 140, 0, 0, 1, '', '', '140.00', '7'),
('2024-05-25', 2012, 140, 0, 0, 1, '', '', '140.00', '7'),
('2024-05-25', 2013, 140, 0, 0, 0, '', '', '0.00', '7'),
('2024-05-25', 2014, 140, 0, 0, 4, '', '', '560.00', '7'),
('2024-05-25', 2015, 140, 0, 0, 1, '', '', '140.00', '7'),
('2024-05-25', 2016, 140, 0, 0, 1, '', '', '140.00', '7'),
('2024-05-25', 2017, 140, 0, 0, 1, '', '', '140.00', '7'),
('2024-05-25', 2018, 140, 0, 0, 0, '', '', '0.00', '7'),
('2024-05-25', 2019, 140, 0, 0, 0, '', '', '0.00', '7'),
('2024-05-25', 2020, 140, 0, 0, 0, '', '', '0.00', '7'),
('2024-05-25', 2021, 195, 0, 0, 1, '', '', '195.00', '7'),
('2024-05-25', 2022, 195, 0, 0, 0, '', '', '0.00', '7'),
('2024-05-25', 2023, 195, 0, 0, 1, '', '', '195.00', '7'),
('2024-05-25', 1462, 195, 0, 0, 3, '', '', '585.00', '7'),
('2024-05-25', 1065, 195, 0, 0, 4, '', '', '780.00', '7'),
('2024-05-25', 2024, 160, 0, 0, 0, '', '', '0.00', '7'),
('2024-05-25', 2025, 160, 0, 0, 2, '', '', '320.00', '7'),
('2024-05-25', 2026, 160, 0, 0, 0, '', '', '0.00', '7'),
('2024-05-25', 1059, 160, 0, 0, 2, '', '', '320.00', '7'),
('2024-05-25', 1060, 180, 0, 0, 3, '', '', '540.00', '7'),
('2024-05-25', 2027, 450, 0, 0, 1, '', '', '450.00', '7'),
('2024-05-25', 1064, 195, 0, 0, 1, '', '', '195.00', '7'),
('2024-05-25', 2028, 195, 0, 0, 0, '', '', '0.00', '7'),
('2024-05-25', 1467, 195, 0, 0, 1, '', '', '195.00', '7'),
('2024-05-25', 1470, 195, 0, 0, 1, '', '', '195.00', '7'),
('2024-05-25', 2029, 195, 0, 0, 4, '', '', '780.00', '7'),
('2024-05-25', 1069, 120, 0, 0, 0, '', '', '0.00', '7'),
('2024-05-25', 1070, 120, 0, 0, 9, '', '', '1080.00', '7'),
('2024-05-25', 1071, 120, 0, 0, 4, '', '', '480.00', '7'),
('2024-05-25', 2030, 500, 0, 0, 2, '', '', '1000.00', '7'),
('2024-05-25', 2031, 290, 0, 0, 1, '', '', '290.00', '7'),
('2024-05-25', 2032, 900, 0, 0, 1, '', '', '900.00', '7'),
('2024-05-25', 2033, 270, 0, 0, 0, '', '', '0.00', '7'),
('2024-05-25', 113, 250, 0, 0, 4, '', '', '1000.00', '7'),
('2024-05-25', 1474, 140, 0, 0, 2, '', '', '280.00', '7'),
('2024-05-25', 2034, 420, 0, 0, 1, '', '', '420.00', '7'),
('2024-05-25', 2035, 1330, 0, 0, 2, '', '', '2660.00', '7'),
('2024-05-25', 777, 1000, 0, 0, 2, '', '', '2000.00', '7'),
('2024-05-25', 2036, 35, 0, 0, 4, '', '', '140.00', '7'),
('2024-05-25', 167, 500, 0, 0, 2, '', '', '1000.00', '7'),
('2024-05-25', 2037, 75, 0, 0, 10, '', '', '750.00', '7'),
('2024-05-25', 2038, 196, 0, 0, 3, '', '', '588.00', '7'),
('2024-05-25', 149, 1450, 0, 0, 1, '', '', '1450.00', '7'),
('2024-05-25', 2039, 1700, 0, 0, 1, '', '', '1700.00', '7'),
('2024-05-25', 2040, 310, 0, 0, 1, '', '', '310.00', '7'),
('2024-05-25', 28, 80, 0, 0, 3, '', '', '240.00', '7'),
('2024-05-25', 2041, 310, 0, 0, 2, '', '', '620.00', '7'),
('2024-05-25', 2042, 310, 0, 0, 3, '', '', '930.00', '7'),
('2024-05-25', 6, 520, 0, 0, 2, '', '', '1040.00', '7'),
('2024-05-25', 1, 400, 0, 0, 2, '', '', '800.00', '7'),
('2024-05-25', 848, 80, 0, 0, 1, '', '', '80.00', '7'),
('2024-05-25', 2043, 220, 0, 0, 0, '', '', '0.00', '7'),
('2024-05-25', 875, 350, 0, 0, 0, '', '', '0.00', '7'),
('2024-05-25', 898, 1320, 0, 0, 0, '', '', '0.00', '7'),
('2024-05-25', 2044, 1350, 0, 0, 2, '', '', '2700.00', '7'),
('2024-05-25', 531, 100, 0, 0, 2, '', '', '200.00', '7'),
('2024-05-25', 658, 100, 0, 0, 0, '', '', '0.00', '7'),
('2024-05-25', 251, 118, 0, 0, 0, '', '', '0.00', '7'),
('2024-05-25', 102, 1300, 0, 0, 1, '', '', '1300.00', '7'),
('2024-05-25', 380, 220, 0, 0, 2, '', '', '440.00', '7'),
('2024-05-25', 2045, 489, 0, 0, 3, '', '', '1467.00', '7'),
('2024-05-25', 2046, 799, 0, 0, 1, '', '', '799.00', '7'),
('2024-05-25', 312, 400, 0, 0, 2, '', '', '800.00', '7'),
('2024-05-25', 373, 55, 0, 0, 2, '', '', '110.00', '7'),
('2024-05-25', 71, 40, 0, 0, 5, '', '', '200.00', '7'),
('2024-05-25', 70, 40, 0, 0, 7, '', '', '280.00', '7'),
('2024-05-25', 2047, 2, 0, 0, 100, '', '', '200.00', '7'),
('2024-05-25', 1608, 5, 0, 0, 0, '', '', '0.00', '7'),
('2024-05-25', 2048, 5, 0, 0, 17, '', '', '85.00', '7'),
('2024-05-25', 2049, 137, 0, 0, 2, '', '', '274.00', '7'),
('2024-05-25', 2050, 150, 0, 0, 0, '', '', '0.00', '7'),
('2024-05-25', 21, 75, 0, 0, 18, '', '', '1350.00', '7'),
('2024-05-25', 22, 65, 0, 0, 3, '', '', '195.00', '7'),
('2024-05-25', 536, 179, 0, 0, 0, '', '', '0.00', '7'),
('2024-05-25', 2051, 328, 0, 0, 0, '', '', '0.00', '7'),
('2024-05-25', 2052, 328, 0, 0, 2, '', '', '656.00', '7'),
('2024-05-25', 2053, 328, 0, 0, 0, '', '', '0.00', '7'),
('2024-05-25', 2054, 758, 0, 0, 2, '', '', '1516.00', '7'),
('2024-05-25', 2055, 758, 0, 0, 2, '', '', '1516.00', '7'),
('2024-05-25', 7, 410, 0, 0, 0, '', '', '0.00', '7'),
('2024-05-25', 91, 250, 0, 0, 3, '', '', '750.00', '7'),
('2024-05-25', 92, 160, 0, 0, 4, '', '', '640.00', '7'),
('2024-05-25', 2056, 1800, 0, 0, 0, '', '', '0.00', '7'),
('2024-05-25', 2057, 1450, 0, 0, 0, '', '', '0.00', '7'),
('2024-05-25', 2058, 1100, 0, 0, 1, '', '', '1100.00', '7'),
('2024-05-25', 2059, 100, 0, 0, 1, '', '', '100.00', '7'),
('2024-05-25', 2060, 50, 0, 0, 4, '', '', '200.00', '7'),
('2024-05-25', 2061, 650, 0, 0, 1, '', '', '650.00', '7'),
('2024-05-25', 2062, 650, 0, 0, 1, '', '', '650.00', '7'),
('2024-05-25', 2063, 240, 0, 0, 2, '', '', '480.00', '7'),
('2024-05-25', 2064, 820, 0, 0, 0, '', '', '0.00', '7'),
('2024-05-25', 2065, 820, 0, 0, 2, '', '', '1640.00', '7'),
('2024-05-25', 144, 850, 0, 0, 1, '', '', '850.00', '7'),
('2024-05-25', 147, 850, 0, 0, 1, '', '', '850.00', '7'),
('2024-05-25', 2066, 850, 0, 0, 2, '', '', '1700.00', '7'),
('2024-05-25', 2067, 720, 0, 0, 1, '', '', '720.00', '7'),
('2024-05-25', 2068, 750, 0, 0, 1, '', '', '750.00', '7'),
('2024-05-25', 2069, 750, 0, 0, 2, '', '', '1500.00', '7'),
('2024-05-25', 2070, 750, 0, 0, 2, '', '', '1500.00', '7'),
('2024-05-25', 2071, 720, 0, 0, 3, '', '', '2160.00', '7'),
('2024-05-25', 2072, 720, 0, 0, 4, '', '', '2880.00', '7'),
('2024-05-25', 1333, 150, 0, 0, 12, '', '', '1800.00', '7'),
('2024-05-25', 1334, 140, 0, 0, 6, '', '', '840.00', '7'),
('2024-05-25', 782, 50, 0, 0, 1, '', '', '50.00', '7'),
('2024-05-25', 2073, 1680, 0, 0, 1, '', '', '1680.00', '7'),
('2024-05-25', 2074, 1280, 0, 0, 2, '', '', '2560.00', '7'),
('2024-05-25', 2075, 2150, 0, 0, 1, '', '', '2150.00', '7'),
('2024-05-25', 2076, 2150, 0, 0, 0, '', '', '0.00', '7'),
('2024-05-25', 2077, 750, 0, 0, 1, '', '', '750.00', '7'),
('2024-05-25', 2078, 750, 0, 0, 0, '', '', '0.00', '7'),
('2024-05-25', 129, 184, 0, 0, 4, '', '', '736.00', '7'),
('2024-05-25', 25, 45, 0, 0, 16, '', '', '720.00', '7'),
('2024-05-25', 128, 1040, 0, 0, 1, '', '', '1040.00', '7'),
('2024-05-25', 26, 68, 0, 0, 18, '', '', '1224.00', '7'),
('2024-05-25', 2079, 672, 0, 0, 2, '', '', '1344.00', '7'),
('2024-05-25', 2080, 544, 0, 0, 2, '', '', '1088.00', '7'),
('2024-05-25', 2081, 675, 0, 0, 0, '', '', '0.00', '7'),
('2024-05-25', 8, 520, 0, 0, 1, '', '', '520.00', '7'),
('2024-05-25', 1673, 752, 0, 0, 0, '', '', '0.00', '7'),
('2024-05-25', 2082, 240, 0, 0, 1, '', '', '240.00', '7'),
('2024-05-25', 1399, 290, 0, 0, 2, '', '', '580.00', '7'),
('2024-05-25', 2083, 290, 0, 0, 0, '', '', '0.00', '7'),
('2024-05-25', 2084, 250, 0, 0, 0, '', '', '0.00', '7'),
('2024-05-25', 2085, 160, 0, 0, 5, '', '', '800.00', '7'),
('2024-05-25', 886, 480, 0, 0, -1, '', '', '0.00', '7'),
('2024-05-25', 2086, 530, 0, 0, 0, '', '', '0.00', '7'),
('2024-05-25', 2087, 430, 0, 0, 0, '', '', '0.00', '7'),
('2024-05-25', 2088, 400, 0, 0, 2, '', '', '800.00', '7'),
('2024-05-25', 2089, 400, 0, 0, 2, '', '', '800.00', '7'),
('2024-05-25', 2090, 400, 0, 0, 2, '', '', '800.00', '7'),
('2024-05-25', 2091, 75, 0, 0, 0, '', '', '0.00', '7'),
('2024-05-25', 2092, 55, 0, 0, 20, '', '', '1100.00', '7'),
('2024-05-25', 2093, 124, 0, 0, 10, '', '', '1240.00', '7'),
('2024-05-25', 2094, 65, 0, 0, 19, '', '', '1235.00', '7'),
('2024-05-25', 2095, 95, 0, 0, 19, '', '', '1805.00', '7'),
('2024-05-25', 2096, 410, 0, 0, 10, '', '', '4100.00', '7'),
('2024-05-25', 2097, 1850, 0, 0, 0, '', '', '0.00', '7'),
('2024-05-25', 2098, 2450, 0, 0, 1, '', '', '2450.00', '7'),
('2024-05-25', 1721, 1750, 0, 0, 1, '', '', '1750.00', '7'),
('2024-05-25', 2099, 1400, 0, 0, 0, '', '', '0.00', '7'),
('2024-05-25', 1590, 1200, 0, 0, 2, '', '', '2400.00', '7'),
('2024-05-25', 2100, 175, 0, 0, 0, '', '', '0.00', '7'),
('2024-05-25', 1581, 850, 0, 0, 1, '', '', '850.00', '7'),
('2024-05-25', 1582, 880, 0, 0, 1, '', '', '880.00', '7'),
('2024-05-25', 1583, 1050, 0, 0, 1, '', '', '1050.00', '7'),
('2024-05-25', 1584, 1020, 0, 0, 0, '', '', '0.00', '7'),
('2024-05-25', 1585, 1020, 0, 0, 1, '', '', '1020.00', '7'),
('2024-05-25', 1586, 1050, 0, 0, 1, '', '', '1050.00', '7'),
('2024-05-25', 1587, 1350, 0, 0, 1, '', '', '1350.00', '7'),
('2024-05-25', 2101, 1850, 0, 0, 1, '', '', '1850.00', '7'),
('2024-05-25', 1589, 1850, 0, 0, 1, '', '', '1850.00', '7'),
('2024-05-25', 1591, 870, 0, 0, 1, '', '', '870.00', '7'),
('2024-05-25', 1592, 870, 0, 0, 1, '', '', '870.00', '7'),
('2024-05-25', 1593, 870, 0, 0, 0, '', '', '0.00', '7'),
('2024-05-25', 1594, 870, 0, 0, 1, '', '', '870.00', '7'),
('2024-05-25', 2102, 675, 0, 0, 1, '', '', '675.00', '7'),
('2024-05-25', 1595, 80, 0, 0, 5, '', '', '400.00', '7'),
('2024-05-25', 29, 50, 0, 0, 8, '', '', '400.00', '7'),
('2024-05-25', 2103, 70, 0, 0, 1, '', '', '70.00', '7'),
('2024-05-25', 2104, 300, 0, 0, 2, '', '', '600.00', '7'),
('2024-05-25', 2105, 450, 0, 0, 1, '', '', '450.00', '7'),
('2024-05-25', 1408, 450, 0, 0, 1, '', '', '450.00', '7'),
('2024-05-25', 2106, 109, 0, 0, 3, '', '', '327.00', '7'),
('2024-05-25', 2107, 700, 0, 0, 0, '', '', '0.00', '7'),
('2024-05-25', 2108, 750, 0, 0, 1, '', '', '750.00', '7'),
('2024-05-25', 2109, 750, 0, 0, 1, '', '', '750.00', '7'),
('2024-05-25', 1425, 148, 0, 0, 2, '', '', '296.00', '7'),
('2024-05-25', 2110, 190, 0, 0, 2, '', '', '380.00', '7'),
('2024-05-25', 2111, 145, 0, 0, 2, '', '', '290.00', '7'),
('2024-05-25', 2112, 850, 0, 0, 0, '', '', '0.00', '7'),
('2024-05-25', 2113, 850, 0, 0, 1, '', '', '850.00', '7'),
('2024-05-25', 2114, 850, 0, 0, 1, '', '', '850.00', '7'),
('2024-05-25', 2115, 1600, 0, 0, 2, '', '', '3200.00', '7'),
('2024-05-25', 2116, 128, 0, 0, 4, '', '', '512.00', '7'),
('2024-05-25', 2117, 1500, 0, 0, 1, '', '', '1500.00', '7'),
('2024-05-25', 2118, 1500, 0, 0, 1, '', '', '1500.00', '7'),
('2024-05-25', 2119, 280, 0, 0, 0, '', '', '0.00', '7'),
('2024-05-25', 2120, 18, 0, 0, 3, '', '', '54.00', '7'),
('2024-05-25', 2121, 18, 0, 0, 6, '', '', '108.00', '7'),
('2024-05-25', 705, 580, 0, 0, 1, '', '', '580.00', '7'),
('2024-05-25', 2122, 650, 0, 0, 2, '', '', '1300.00', '7'),
('2024-05-25', 2123, 90, 0, 0, 0, '', '', '0.00', '7'),
('2024-05-25', 2124, 180, 0, 0, 1, '', '', '180.00', '7'),
('2024-05-25', 2125, 400, 0, 0, 1, '', '', '400.00', '7'),
('2024-05-25', 2126, 40, 0, 0, 2, '', '', '80.00', '7'),
('2024-05-25', 2127, 40, 0, 0, 2, '', '', '80.00', '7'),
('2024-05-25', 2128, 40, 0, 0, 2, '', '', '80.00', '7'),
('2024-05-25', 2129, 40, 0, 0, 2, '', '', '80.00', '7'),
('2024-05-25', 2130, 40, 0, 0, 2, '', '', '80.00', '7'),
('2024-05-25', 2131, 40, 0, 0, 2, '', '', '80.00', '7'),
('2024-05-25', 2132, 40, 0, 0, 2, '', '', '80.00', '7'),
('2024-05-25', 2133, 40, 0, 0, 2, '', '', '80.00', '7'),
('2024-05-25', 2134, 40, 0, 0, 1, '', '', '40.00', '7'),
('2024-05-25', 2135, 2100, 0, 0, 1, '', '', '2100.00', '7'),
('2024-05-25', 2136, 1200, 0, 0, 0, '', '', '0.00', '7'),
('2024-05-25', 2137, 1639, 0, 0, 0, '', '', '0.00', '7'),
('2024-05-25', 2138, 5750, 0, 0, 1, '', '', '5750.00', '7'),
('2024-05-25', 2139, 350, 0, 0, 4, '', '', '1400.00', '7'),
('2024-05-25', 2140, 470, 0, 0, 2, '', '', '940.00', '7'),
('2024-05-25', 934, 535, 0, 0, 0, '', '', '0.00', '7'),
('2024-05-25', 2141, 480, 0, 0, 1, '', '', '480.00', '7'),
('2024-05-25', 2142, 2060, 0, 0, 1, '', '', '2060.00', '7'),
('2024-05-25', 2143, 240, 0, 0, 2, '', '', '480.00', '7'),
('2024-05-25', 2144, 120, 0, 0, 5, '', '', '600.00', '7'),
('2024-05-25', 2145, 460, 0, 0, 1, '', '', '460.00', '7'),
('2024-05-25', 2146, 950, 0, 0, 1, '', '', '950.00', '7'),
('2024-05-25', 925, 151, 0, 0, 2, '', '', '302.00', '7'),
('2024-05-25', 924, 151, 0, 0, 1, '', '', '151.00', '7'),
('2024-05-25', 2147, 1150, 0, 0, 1, '', '', '1150.00', '7'),
('2024-05-25', 2148, 179, 0, 0, 3, '', '', '537.00', '7'),
('2024-05-25', 2149, 4130, 0, 0, 1, '', '', '4130.00', '7'),
('2024-05-25', 2150, 900, 0, 0, 0, '', '', '0.00', '7'),
('2024-05-25', 2151, 75, 0, 0, 5, '', '', '375.00', '7'),
('2024-05-25', 2152, 1150, 0, 0, 1, '', '', '1150.00', '7'),
('2024-05-25', 2153, 16, 0, 0, 9, '', '', '144.00', '7'),
('2024-05-25', 2154, 145, 0, 0, 2, '', '', '290.00', '7'),
('2024-05-25', 2155, 16, 0, 0, 7, '', '', '112.00', '7'),
('2024-05-25', 2156, 100, 0, 0, 2, '', '', '200.00', '7'),
('2024-05-25', 66, 8, 0, 0, 65, '', '', '520.00', '7'),
('2024-05-25', 1367, 350, 0, 0, 0, '', '', '0.00', '7'),
('2024-05-25', 2157, 400, 0, 0, 1, '', '', '400.00', '7'),
('2024-05-25', 2158, 990, 0, 0, 0, '', '', '0.00', '7'),
('2024-05-25', 2159, 990, 0, 0, 1, '', '', '990.00', '7'),
('2024-05-25', 2160, 990, 0, 0, 1, '', '', '990.00', '7'),
('2024-05-25', 2161, 990, 0, 0, 1, '', '', '990.00', '7'),
('2024-05-25', 2162, 990, 0, 0, 1, '', '', '990.00', '7'),
('2024-05-25', 2163, 990, 0, 0, 1, '', '', '990.00', '7'),
('2024-05-25', 2164, 71, 0, 0, 4, '', '', '284.00', '7'),
('2024-05-25', 2165, 71, 0, 0, 5, '', '', '355.00', '7'),
('2024-05-25', 2166, 71, 0, 0, 8, '', '', '568.00', '7'),
('2024-05-25', 2167, 71, 0, 0, 5, '', '', '355.00', '7'),
('2024-05-25', 2168, 71, 0, 0, 3, '', '', '213.00', '7'),
('2024-05-25', 2169, 71, 0, 0, 4, '', '', '284.00', '7'),
('2024-05-25', 2170, 2000, 0, 0, 1, '', '', '2000.00', '7'),
('2024-05-25', 2171, 700, 0, 0, 1, '', '', '700.00', '7'),
('2024-05-25', 2172, 750, 0, 0, 1, '', '', '750.00', '7'),
('2024-05-25', 2173, 750, 0, 0, 1, '', '', '750.00', '7'),
('2024-05-25', 2174, 672, 0, 0, 2, '', '', '1344.00', '7'),
('2024-05-25', 1410, 450, 0, 0, 1, '', '', '450.00', '7'),
('2024-05-25', 1497, 340, 0, 0, 1, '', '', '340.00', '7'),
('2024-05-25', 1509, 380, 0, 0, 1, '', '', '380.00', '7'),
('2024-05-25', 1496, 500, 0, 0, 1, '', '', '500.00', '7'),
('2024-05-25', 2175, 260, 0, 0, 0, '', '', '0.00', '7'),
('2024-05-25', 2176, 320, 0, 0, 1, '', '', '320.00', '7'),
('2024-05-25', 2177, 520, 0, 0, 1, '', '', '520.00', '7'),
('2024-05-25', 1507, 180, 0, 0, 1, '', '', '180.00', '7'),
('2024-05-25', 2178, 350, 0, 0, 1, '', '', '350.00', '7'),
('2024-05-25', 2179, 310, 0, 0, 1, '', '', '310.00', '7'),
('2024-05-25', 2180, 362, 0, 0, 2, '', '', '724.00', '7'),
('2024-05-25', 2181, 50, 0, 0, 3, '', '', '150.00', '7'),
('2024-05-25', 2182, 328, 0, 0, 1, '', '', '328.00', '7'),
('2024-05-25', 1506, 480, 0, 0, 1, '', '', '480.00', '7'),
('2024-05-25', 2183, 50, 0, 0, 2, '', '', '100.00', '7'),
('2024-05-25', 2184, 430, 0, 0, 0, '', '', '0.00', '7'),
('2024-05-25', 156, 14, 0, 0, 5, '', '', '70.00', '7'),
('2024-05-25', 2185, 14, 0, 0, 8, '', '', '112.00', '7'),
('2024-05-25', 2186, 14, 0, 0, 6, '', '', '84.00', '7'),
('2024-05-25', 2187, 14, 0, 0, 9, '', '', '126.00', '7'),
('2024-05-25', 2188, 14, 0, 0, 2, '', '', '28.00', '7'),
('2024-05-25', 2189, 14, 0, 0, 1, '', '', '14.00', '7'),
('2024-05-25', 1646, 83, 0, 0, 8, '', '', '664.00', '7'),
('2024-05-25', 69, 40, 0, 0, 4, '', '', '160.00', '7'),
('2024-05-25', 2190, 300, 0, 0, -1, '', '', '0.00', '7'),
('2024-05-25', 1602, 58, 0, 0, 1, '', '', '58.00', '7'),
('2024-05-25', 426, 80, 0, 0, 1, '', '', '80.00', '7'),
('2024-05-25', 1707, 55, 0, 0, 0, '', '', '0.00', '7'),
('2024-05-25', 2191, 1300, 0, 0, 0, '', '', '0.00', '7'),
('2024-05-25', 1726, 548, 0, 0, 0, '', '', '0.00', '7'),
('2024-05-25', 2192, 451, 0, 0, 0, '', '', '0.00', '7'),
('2024-05-25', 2193, 432, 0, 0, 0, '', '', '0.00', '7'),
('2024-05-25', 1601, 110, 0, 0, 10, '', '', '1100.00', '7'),
('2024-05-25', 1424, 400, 0, 0, 0, '', '', '0.00', '7'),
('2024-05-25', 220, 43, 0, 0, 6, '', '', '258.00', '7'),
('2024-05-25', 2194, 440, 0, 0, 0, '', '', '0.00', '7'),
('2024-05-25', 2195, 700, 0, 0, 1, '', '', '700.00', '7'),
('2024-05-25', 2196, 1400, 0, 0, 2, '', '', '2800.00', '7'),
('2024-05-25', 2197, 39, 0, 0, -5, '', '', '0.00', '7'),
('2024-05-25', 2198, 15, 0, 0, 5, '', '', '75.00', '7'),
('2024-05-25', 2199, 15, 0, 0, 5, '', '', '75.00', '7'),
('2024-05-25', 1677, 61, 0, 0, 1, '', '', '61.00', '7'),
('2024-05-25', 1678, 500, 0, 0, 1, '', '', '500.00', '7'),
('2024-05-25', 2200, 680, 0, 0, 0, '', '', '0.00', '7'),
('2024-05-25', 2201, 1190, 0, 0, 1, '', '', '1190.00', '7'),
('2024-05-25', 1647, 84, 0, 0, 1, '', '', '84.00', '7'),
('2024-05-25', 2202, 30, 0, 0, 1, '', '', '30.00', '7'),
('2024-05-25', 2203, 250, 0, 0, 0, '', '', '0.00', '7'),
('2024-05-25', 2204, 250, 0, 0, 0, '', '', '0.00', '7'),
('2024-05-25', 1578, 250, 0, 0, 1, '', '', '250.00', '7'),
('2024-05-25', 1724, 250, 0, 0, 2, '', '', '500.00', '7'),
('2024-05-25', 1572, 550, 0, 0, 0, '', '', '0.00', '7'),
('2024-05-25', 1571, 550, 0, 0, 1, '', '', '550.00', '7'),
('2024-05-25', 2205, 75, 0, 0, 1, '', '', '75.00', '7'),
('2024-05-25', 2206, 75, 0, 0, 2, '', '', '150.00', '7'),
('2024-05-25', 2207, 75, 0, 0, 0, '', '', '0.00', '7'),
('2024-05-25', 2208, 75, 0, 0, 2, '', '', '150.00', '7'),
('2024-05-25', 2209, 75, 0, 0, 1, '', '', '75.00', '7'),
('2024-05-25', 2210, 75, 0, 0, 2, '', '', '150.00', '7'),
('2024-05-25', 2211, 75, 0, 0, 2, '', '', '150.00', '7'),
('2024-05-25', 2212, 75, 0, 0, 2, '', '', '150.00', '7'),
('2024-05-25', 2213, 75, 0, 0, 2, '', '', '150.00', '7'),
('2024-05-25', 2214, 75, 0, 0, 2, '', '', '150.00', '7'),
('2024-05-25', 2215, 75, 0, 0, 2, '', '', '150.00', '7'),
('2024-05-25', 2216, 75, 0, 0, 2, '', '', '150.00', '7'),
('2024-05-25', 2217, 75, 0, 0, 2, '', '', '150.00', '7'),
('2024-05-25', 2218, 75, 0, 0, 1, '', '', '75.00', '7'),
('2024-05-25', 2219, 75, 0, 0, 2, '', '', '150.00', '7'),
('2024-05-25', 2220, 100, 0, 0, 8, '', '', '800.00', '7'),
('2024-05-25', 2221, 100, 0, 0, 7, '', '', '700.00', '7'),
('2024-05-25', 2222, 100, 0, 0, 8, '', '', '800.00', '7'),
('2024-05-25', 2223, 100, 0, 0, 5, '', '', '500.00', '7'),
('2024-05-25', 2224, 100, 0, 0, 0, '', '', '0.00', '7'),
('2024-05-25', 2225, 100, 0, 0, 0, '', '', '0.00', '7'),
('2024-05-25', 1699, 100, 0, 0, 8, '', '', '800.00', '7'),
('2024-05-25', 1038, 798, 0, 0, 0, '', '', '0.00', '7'),
('2024-05-25', 2226, 1216, 0, 0, 0, '', '', '0.00', '7'),
('2024-05-25', 1039, 897, 0, 0, 0, '', '', '0.00', '7'),
('2024-05-25', 1045, 798, 0, 0, 2, '', '', '1596.00', '7'),
('2024-05-25', 2227, 150, 0, 0, 5, '', '', '750.00', '7'),
('2024-05-25', 2228, 160, 0, 0, 8, '', '', '1280.00', '7'),
('2024-05-25', 2229, 155, 0, 0, 1, '', '', '155.00', '7'),
('2024-05-25', 2230, 165, 0, 0, 10, '', '', '1650.00', '7'),
('2024-05-25', 2231, 100, 0, 0, 2, '', '', '200.00', '7'),
('2024-05-25', 2232, 100, 0, 0, 2, '', '', '200.00', '7'),
('2024-05-25', 2233, 100, 0, 0, 2, '', '', '200.00', '7'),
('2024-05-25', 2234, 100, 0, 0, 1, '', '', '100.00', '7'),
('2024-05-25', 2235, 100, 0, 0, 0, '', '', '0.00', '7'),
('2024-05-25', 1727, 568, 0, 0, 0, '', '', '0.00', '7'),
('2024-05-25', 2236, 336, 0, 0, 0, '', '', '0.00', '7'),
('2024-05-25', 1728, 592, 0, 0, 0, '', '', '0.00', '7'),
('2024-05-25', 2237, 451, 0, 0, 0, '', '', '0.00', '7'),
('2024-05-25', 788, 1050, 0, 0, 1, '', '', '1050.00', '7'),
('2024-05-25', 1049, 1050, 0, 0, 1, '', '', '1050.00', '7'),
('2024-05-25', 2238, 25, 0, 0, 12, '', '', '300.00', '7'),
('2024-05-25', 2239, 85, 0, 0, 5, '', '', '425.00', '7'),
('2024-05-25', 2240, 100, 0, 0, 0, '', '', '0.00', '7'),
('2024-05-25', 2241, 699, 0, 0, 1, '', '', '699.00', '7'),
('2024-05-25', 2242, 90, 0, 0, 0, '', '', '0.00', '7'),
('2024-05-25', 2243, 90, 0, 0, 0, '', '', '0.00', '7'),
('2024-05-25', 2244, 90, 0, 0, 2, '', '', '180.00', '7'),
('2024-05-25', 2245, 70, 0, 0, 1, '', '', '70.00', '7'),
('2024-05-25', 2246, 70, 0, 0, 1, '', '', '70.00', '7'),
('2024-05-25', 2247, 70, 0, 0, 4, '', '', '280.00', '7'),
('2024-05-25', 2248, 38, 0, 0, 0, '', '', '0.00', '7'),
('2024-05-25', 101, 59, 0, 0, 2, '', '', '118.00', '7'),
('2024-05-25', 1757, 245, 0, 0, 2, '', '', '490.00', '7'),
('2024-05-25', 358, 319, 0, 0, 1, '', '', '319.00', '7'),
('2024-05-25', 2249, 293, 0, 0, 1, '', '', '293.00', '7'),
('2024-05-25', 2250, 313, 0, 0, 1, '', '', '313.00', '7'),
('2024-05-25', 2251, 313, 0, 0, 1, '', '', '313.00', '7'),
('2024-05-25', 2252, 330, 0, 0, 1, '', '', '330.00', '7'),
('2024-05-25', 2253, 350, 0, 0, 1, '', '', '350.00', '7'),
('2024-05-25', 2254, 350, 0, 0, 1, '', '', '350.00', '7'),
('2024-05-25', 2255, 180, 0, 0, 0, '', '', '0.00', '7'),
('2024-05-25', 2256, 550, 0, 0, 2, '', '', '1100.00', '7'),
('2024-05-25', 2257, 143, 0, 0, 1, '', '', '143.00', '7'),
('2024-05-25', 29, 65, 0, 0, 2, '', '', '130.00', '7'),
('2024-05-25', 2258, 1750, 0, 0, 0, '', '', '0.00', '7'),
('2024-05-25', 2259, 800, 0, 0, 1, '', '', '800.00', '7'),
('2024-05-25', 2260, 1150, 0, 0, 1, '', '', '1150.00', '7'),
('2024-05-25', 2261, 60, 0, 0, 3, '', '', '180.00', '7'),
('2024-05-25', 2262, 240, 0, 0, 3, '', '', '720.00', '7'),
('2024-05-25', 2263, 1180, 0, 0, 0, '', '', '0.00', '7'),
('2024-05-25', 1547, 90, 0, 0, 4, '', '', '360.00', '7'),
('2024-05-25', 1555, 90, 0, 0, 1, '', '', '90.00', '7'),
('2024-05-25', 1550, 90, 0, 0, 2, '', '', '180.00', '7'),
('2024-05-25', 1553, 90, 0, 0, 2, '', '', '180.00', '7'),
('2024-05-25', 2264, 90, 0, 0, 2, '', '', '180.00', '7'),
('2024-05-25', 2265, 294, 0, 0, 2, '', '', '588.00', '7'),
('2024-05-25', 2266, 100, 0, 0, 1, '', '', '100.00', '7'),
('2024-05-25', 2267, 950, 0, 0, 1, '', '', '950.00', '7'),
('2024-05-25', 2268, 400, 0, 0, 1, '', '', '400.00', '7'),
('2024-05-25', 2269, 55, 0, 0, 7, '', '', '385.00', '7'),
('2024-05-25', 1767, 50, 0, 0, 5, '', '', '250.00', '7'),
('2024-05-25', 2270, 250, 0, 0, 2, '', '', '500.00', '7'),
('2024-05-25', 1574, 250, 0, 0, 0, '', '', '0.00', '7'),
('2024-05-25', 2271, 152, 0, 0, 2, '', '', '304.00', '7'),
('2024-05-25', 2272, 100, 0, 0, 0, '', '', '0.00', '7'),
('2024-05-25', 2273, 100, 0, 0, 1, '', '', '100.00', '7'),
('2024-05-25', 2274, 100, 0, 0, 3, '', '', '300.00', '7'),
('2024-05-25', 2275, 100, 0, 0, 10, '', '', '1000.00', '7'),
('2024-05-25', 2276, 100, 0, 0, 10, '', '', '1000.00', '7'),
('2024-05-25', 2277, 100, 0, 0, 3, '', '', '300.00', '7'),
('2024-05-25', 2278, 100, 0, 0, 10, '', '', '1000.00', '7'),
('2024-05-25', 2279, 100, 0, 0, 10, '', '', '1000.00', '7'),
('2024-05-25', 864, 30, 0, 0, 0, '', '', '0.00', '7'),
('2024-05-25', 1715, 1280, 0, 0, 1, '', '', '1280.00', '7'),
('2024-05-25', 2280, 1280, 0, 0, 1, '', '', '1280.00', '7'),
('2024-05-25', 2281, 2000, 0, 0, 1, '', '', '2000.00', '7'),
('2024-05-25', 2282, 850, 0, 0, 4, '', '', '3400.00', '7'),
('2024-05-25', 2283, 245, 0, 0, 2, '', '', '490.00', '7'),
('2024-05-25', 2284, 245, 0, 0, 2, '', '', '490.00', '7'),
('2024-05-25', 2285, 35, 0, 0, 8, '', '', '280.00', '7'),
('2024-05-25', 2286, 1460, 0, 0, 1, '', '', '1460.00', '7'),
('2024-05-25', 2287, 1350, 0, 0, 1, '', '', '1350.00', '7'),
('2024-05-25', 2288, 380, 0, 0, 3, '', '', '1140.00', '7'),
('2024-05-25', 2289, 535, 0, 0, 3, '', '', '1605.00', '7'),
('2024-05-25', 1046, 983, 0, 0, 1, '', '', '983.00', '7'),
('2024-05-25', 2290, 100, 0, 0, 10, '', '', '1000.00', '7'),
('2024-05-25', 2291, 1150, 0, 0, 1, '', '', '1150.00', '7'),
('2024-05-25', 2292, 1150, 0, 0, 1, '', '', '1150.00', '7'),
('2024-05-25', 2293, 1150, 0, 0, 1, '', '', '1150.00', '7'),
('2024-05-25', 2294, 1150, 0, 0, 1, '', '', '1150.00', '7'),
('2024-05-25', 1802, 1500, 0, 0, 0, '', '', '0.00', '7'),
('2024-05-25', 1828, 1640, 0, 0, 1, '', '', '1640.00', '7'),
('2024-05-25', 1825, 1640, 0, 0, 1, '', '', '1640.00', '7'),
('2024-05-25', 1836, 840, 0, 0, 1, '', '', '840.00', '7'),
('2024-05-25', 1837, 920, 0, 0, 3, '', '', '2760.00', '7'),
('2024-05-25', 2295, 63, 0, 0, 20, '', '', '1260.00', '7'),
('2024-05-25', 2296, 63, 0, 0, 20, '', '', '1260.00', '7'),
('2024-05-25', 2297, 830, 0, 0, 1, '', '', '830.00', '7'),
('2024-05-25', 2298, 35, 0, 0, 10, '', '', '350.00', '7'),
('2024-05-25', 2300, 98, 0, 0, 10, '', '', '980.00', '7'),
('2024-05-25', 2301, 240, 0, 0, 1, '', '', '240.00', '7'),
('2024-05-25', 2302, 14, 0, 0, 30, '', '', '420.00', '7'),
('2024-05-25', 2303, 154, 0, 0, 1, '', '', '154.00', '7'),
('2024-05-25', 2304, 100, 0, 0, 5, '', '', '500.00', '7'),
('2024-05-25', 1786, 100, 0, 0, 1, '', '', '100.00', '7'),
('2024-05-25', 2305, 100, 0, 0, 5, '', '', '500.00', '7'),
('2024-05-25', 2306, 100, 0, 0, 5, '', '', '500.00', '7'),
('2024-05-25', 2307, 100, 0, 0, 5, '', '', '500.00', '7'),
('2024-05-25', 2308, 100, 0, 0, 5, '', '', '500.00', '7'),
('2024-05-25', 1823, 600, 0, 0, 1, '', '', '600.00', '7'),
('2024-05-25', 2309, 1280, 0, 0, 1, '', '', '1280.00', '7'),
('2024-05-25', 2310, 1280, 0, 0, 1, '', '', '1280.00', '7'),
('2024-05-25', 2311, 1300, 0, 0, 2, '', '', '2600.00', '7'),
('2024-05-25', 2312, 300, 0, 0, 12, '', '', '3600.00', '7'),
('2024-05-25', 2313, 250, 0, 0, 12, '', '', '3000.00', '7'),
('2024-05-25', 2314, 1216, 0, 0, 1, '', '', '1216.00', '7'),
('2024-05-25', 718, 150, 0, 0, 4, '', '', '600.00', '7'),
('2024-05-25', 1580, 88, 0, 0, 1, '', '', '88.00', '7'),
('2024-05-25', 719, 88, 0, 0, 4, '', '', '352.00', '7'),
('2024-05-25', 716, 88, 0, 0, 9, '', '', '792.00', '7'),
('2024-05-25', 717, 90, 0, 0, 10, '', '', '900.00', '7'),
('2024-05-25', 730, 55, 0, 0, 5, '', '', '275.00', '7'),
('2024-05-25', 1558, 55, 0, 0, 10, '', '', '550.00', '7'),
('2024-05-25', 727, 55, 0, 0, 2, '', '', '110.00', '7'),
('2024-05-25', 724, 55, 0, 0, 7, '', '', '385.00', '7'),
('2024-05-25', 721, 55, 0, 0, 15, '', '', '825.00', '7'),
('2024-05-25', 728, 55, 0, 0, 6, '', '', '330.00', '7'),
('2024-05-25', 1557, 55, 0, 0, 7, '', '', '385.00', '7'),
('2024-05-25', 725, 55, 0, 0, 7, '', '', '385.00', '7'),
('2024-05-25', 723, 55, 0, 0, 4, '', '', '220.00', '7'),
('2024-05-25', 722, 55, 0, 0, 2, '', '', '110.00', '7'),
('2024-05-25', 729, 55, 0, 0, 8, '', '', '440.00', '7'),
('2024-05-25', 726, 55, 0, 0, 9, '', '', '495.00', '7'),
('2024-05-25', 720, 55, 0, 0, 12, '', '', '660.00', '7'),
('2024-05-25', 1850, 480, 0, 0, 1, '', '', '480.00', '7'),
('2024-05-25', 709, 480, 0, 0, 1, '', '', '480.00', '7'),
('2024-05-25', 1851, 480, 0, 0, 1, '', '', '480.00', '7'),
('2024-05-25', 1852, 480, 0, 0, 2, '', '', '960.00', '7'),
('2024-05-25', 1853, 480, 0, 0, 2, '', '', '960.00', '7'),
('2024-05-25', 1854, 480, 0, 0, 2, '', '', '960.00', '7'),
('2024-05-25', 712, 480, 0, 0, 1, '', '', '480.00', '7'),
('2024-05-25', 708, 480, 0, 0, 0, '', '', '0.00', '7'),
('2024-05-25', 1855, 480, 0, 0, 1, '', '', '480.00', '7'),
('2024-05-25', 1856, 480, 0, 0, 1, '', '', '480.00', '7'),
('2024-05-25', 711, 480, 0, 0, 1, '', '', '480.00', '7'),
('2024-05-25', 1857, 180, 0, 0, 5, '', '', '900.00', '7'),
('2024-05-25', 1858, 180, 0, 0, 5, '', '', '900.00', '7'),
('2024-05-25', 1859, 150, 0, 0, 5, '', '', '750.00', '7'),
('2024-05-25', 1860, 180, 0, 0, 5, '', '', '900.00', '7'),
('2024-05-25', 1861, 150, 0, 0, 5, '', '', '750.00', '7'),
('2024-05-25', 1862, 150, 0, 0, 5, '', '', '750.00', '7'),
('2024-05-25', 1863, 180, 0, 0, 5, '', '', '900.00', '7'),
('2024-05-25', 773, 150, 0, 0, 5, '', '', '750.00', '7'),
('2024-05-25', 1864, 150, 0, 0, 5, '', '', '750.00', '7'),
('2024-05-25', 1559, 30, 0, 0, 10, '', '', '300.00', '7'),
('2024-05-25', 1865, 30, 0, 0, 9, '', '', '270.00', '7'),
('2024-05-25', 772, 30, 0, 0, 5, '', '', '150.00', '7'),
('2024-05-25', 1866, 30, 0, 0, 10, '', '', '300.00', '7'),
('2024-05-25', 1867, 30, 0, 0, 6, '', '', '180.00', '7'),
('2024-05-25', 1562, 30, 0, 0, 10, '', '', '300.00', '7'),
('2024-05-25', 1868, 30, 0, 0, 5, '', '', '150.00', '7'),
('2024-05-25', 865, 30, 0, 0, 16, '', '', '480.00', '7'),
('2024-05-25', 1560, 30, 0, 0, 3, '', '', '90.00', '7'),
('2024-05-25', 863, 30, 0, 0, 8, '', '', '240.00', '7'),
('2024-05-25', 1869, 30, 0, 0, 9, '', '', '270.00', '7'),
('2024-05-25', 1815, 30, 0, 0, 9, '', '', '270.00', '7'),
('2024-05-25', 862, 30, 0, 0, 9, '', '', '270.00', '7'),
('2024-05-25', 1563, 30, 0, 0, 2, '', '', '60.00', '7'),
('2024-05-25', 1870, 30, 0, 0, 4, '', '', '120.00', '7'),
('2024-05-25', 1871, 120, 0, 0, 5, '', '', '600.00', '7'),
('2024-05-25', 1872, 120, 0, 0, 3, '', '', '360.00', '7'),
('2024-05-25', 1873, 120, 0, 0, 2, '', '', '240.00', '7'),
('2024-05-25', 1874, 120, 0, 0, 4, '', '', '480.00', '7'),
('2024-05-25', 1875, 120, 0, 0, 5, '', '', '600.00', '7'),
('2024-05-25', 1876, 120, 0, 0, 5, '', '', '600.00', '7'),
('2024-05-25', 1877, 120, 0, 0, 4, '', '', '480.00', '7'),
('2024-05-25', 1878, 120, 0, 0, 5, '', '', '600.00', '7'),
('2024-05-25', 1879, 120, 0, 0, 5, '', '', '600.00', '7'),
('2024-05-25', 1880, 120, 0, 0, 5, '', '', '600.00', '7'),
('2024-05-25', 1881, 120, 0, 0, 5, '', '', '600.00', '7'),
('2024-05-25', 1882, 120, 0, 0, 4, '', '', '480.00', '7'),
('2024-05-25', 1883, 120, 0, 0, 4, '', '', '480.00', '7'),
('2024-05-25', 1884, 120, 0, 0, 5, '', '', '600.00', '7'),
('2024-05-25', 687, 650, 0, 0, 0, '', '', '0.00', '7'),
('2024-05-25', 688, 650, 0, 0, 1, '', '', '650.00', '7'),
('2024-05-25', 689, 650, 0, 0, 1, '', '', '650.00', '7'),
('2024-05-25', 690, 650, 0, 0, 1, '', '', '650.00', '7'),
('2024-05-25', 691, 650, 0, 0, 1, '', '', '650.00', '7'),
('2024-05-25', 692, 200, 0, 0, 4, '', '', '800.00', '7'),
('2024-05-25', 693, 150, 0, 0, 0, '', '', '0.00', '7'),
('2024-05-25', 1885, 250, 0, 0, 0, '', '', '0.00', '7'),
('2024-05-25', 682, 250, 0, 0, 0, '', '', '0.00', '7'),
('2024-05-25', 683, 650, 0, 0, 0, '', '', '0.00', '7'),
('2024-05-25', 684, 350, 0, 0, 1, '', '', '350.00', '7'),
('2024-05-25', 686, 350, 0, 0, 0, '', '', '0.00', '7'),
('2024-05-25', 685, 350, 0, 0, 1, '', '', '350.00', '7'),
('2024-05-25', 694, 150, 0, 0, 1, '', '', '150.00', '7'),
('2024-05-25', 695, 220, 0, 0, 2, '', '', '440.00', '7'),
('2024-05-25', 696, 220, 0, 0, 2, '', '', '440.00', '7'),
('2024-05-25', 697, 150, 0, 0, 2, '', '', '300.00', '7'),
('2024-05-25', 698, 190, 0, 0, 2, '', '', '380.00', '7'),
('2024-05-25', 699, 220, 0, 0, 1, '', '', '220.00', '7'),
('2024-05-25', 700, 150, 0, 0, 1, '', '', '150.00', '7'),
('2024-05-25', 701, 220, 0, 0, 1, '', '', '220.00', '7'),
('2024-05-25', 702, 220, 0, 0, 1, '', '', '220.00', '7'),
('2024-05-25', 703, 150, 0, 0, 0, '', '', '0.00', '7'),
('2024-05-25', 1886, 250, 0, 0, 1, '', '', '250.00', '7'),
('2024-05-25', 1887, 200, 0, 0, 2, '', '', '400.00', '7'),
('2024-05-25', 1888, 200, 0, 0, 1, '', '', '200.00', '7'),
('2024-05-25', 1889, 250, 0, 0, 1, '', '', '250.00', '7'),
('2024-05-25', 1890, 550, 0, 0, 1, '', '', '550.00', '7'),
('2024-05-25', 1232, 220, 0, 0, 0, '', '', '0.00', '7'),
('2024-05-25', 1231, 450, 0, 0, 1, '', '', '450.00', '7'),
('2024-05-25', 663, 550, 0, 0, 1, '', '', '550.00', '7'),
('2024-05-25', 664, 550, 0, 0, 1, '', '', '550.00', '7'),
('2024-05-25', 665, 550, 0, 0, 1, '', '', '550.00', '7'),
('2024-05-25', 662, 250, 0, 0, 1, '', '', '250.00', '7'),
('2024-05-25', 667, 250, 0, 0, 0, '', '', '0.00', '7'),
('2024-05-25', 1233, 250, 0, 0, 0, '', '', '0.00', '7'),
('2024-05-25', 666, 450, 0, 0, 1, '', '', '450.00', '7'),
('2024-05-25', 1242, 550, 0, 0, 1, '', '', '550.00', '7'),
('2024-05-25', 1241, 650, 0, 0, 1, '', '', '650.00', '7'),
('2024-05-25', 1269, 750, 0, 0, 0, '', '', '0.00', '7'),
('2024-05-25', 1237, 350, 0, 0, 1, '', '', '350.00', '7'),
('2024-05-25', 1236, 350, 0, 0, 2, '', '', '700.00', '7'),
('2024-05-25', 1235, 350, 0, 0, 1, '', '', '350.00', '7'),
('2024-05-25', 1234, 400, 0, 0, 0, '', '', '0.00', '7'),
('2024-05-25', 1891, 55, 0, 0, 3, '', '', '165.00', '7'),
('2024-05-25', 1892, 55, 0, 0, 0, '', '', '0.00', '7'),
('2024-05-25', 1893, 55, 0, 0, 3, '', '', '165.00', '7'),
('2024-05-25', 1894, 55, 0, 0, 3, '', '', '165.00', '7');
INSERT INTO `inflow_branch` (`date`, `barcode`, `supplier_price`, `dealer_price`, `srp`, `units_received`, `totalvalue_dealer`, `totalvalue_srp`, `totalvalue`, `code`) VALUES
('2024-05-25', 1895, 55, 0, 0, 2, '', '', '110.00', '7'),
('2024-05-25', 1896, 55, 0, 0, 3, '', '', '165.00', '7'),
('2024-05-25', 1897, 55, 0, 0, 1, '', '', '55.00', '7'),
('2024-05-25', 1898, 55, 0, 0, 1, '', '', '55.00', '7'),
('2024-05-25', 1899, 55, 0, 0, 2, '', '', '110.00', '7'),
('2024-05-25', 1900, 55, 0, 0, 2, '', '', '110.00', '7'),
('2024-05-25', 1901, 55, 0, 0, 4, '', '', '220.00', '7'),
('2024-05-25', 1902, 55, 0, 0, 2, '', '', '110.00', '7'),
('2024-05-25', 1903, 55, 0, 0, 3, '', '', '165.00', '7'),
('2024-05-25', 1904, 55, 0, 0, 0, '', '', '0.00', '7'),
('2024-05-25', 1905, 55, 0, 0, 0, '', '', '0.00', '7'),
('2024-05-25', 1906, 55, 0, 0, 1, '', '', '55.00', '7'),
('2024-05-25', 1907, 55, 0, 0, 2, '', '', '110.00', '7'),
('2024-05-25', 1908, 55, 0, 0, 1, '', '', '55.00', '7'),
('2024-05-25', 1909, 250, 0, 0, 2, '', '', '500.00', '7'),
('2024-05-25', 1910, 250, 0, 0, 6, '', '', '1500.00', '7'),
('2024-05-25', 1911, 80, 0, 0, 2, '', '', '160.00', '7'),
('2024-05-25', 1912, 350, 0, 0, 2, '', '', '700.00', '7'),
('2024-05-25', 1913, 350, 0, 0, 3, '', '', '1050.00', '7'),
('2024-05-25', 1914, 250, 0, 0, 5, '', '', '1250.00', '7'),
('2024-05-25', 1915, 250, 0, 0, 3, '', '', '750.00', '7'),
('2024-05-25', 1916, 250, 0, 0, 3, '', '', '750.00', '7'),
('2024-05-25', 1917, 250, 0, 0, 4, '', '', '1000.00', '7'),
('2024-05-25', 1918, 250, 0, 0, 2, '', '', '500.00', '7'),
('2024-05-25', 731, 120, 0, 0, 23, '', '', '2760.00', '7'),
('2024-05-25', 732, 120, 0, 0, 15, '', '', '1800.00', '7'),
('2024-05-25', 733, 120, 0, 0, 25, '', '', '3000.00', '7'),
('2024-05-25', 713, 150, 0, 0, 7, '', '', '1050.00', '7'),
('2024-05-25', 714, 180, 0, 0, 3, '', '', '540.00', '7'),
('2024-05-25', 715, 150, 0, 0, 2, '', '', '300.00', '7'),
('2024-05-25', 1158, 180, 0, 0, 4, '', '', '720.00', '7'),
('2024-05-25', 1919, 180, 0, 0, 3, '', '', '540.00', '7'),
('2024-05-25', 1920, 40, 0, 0, 0, '', '', '0.00', '7'),
('2024-05-25', 1921, 70, 0, 0, 0, '', '', '0.00', '7'),
('2024-05-25', 1922, 70, 0, 0, 1, '', '', '70.00', '7'),
('2024-05-25', 1225, 70, 0, 0, 2, '', '', '140.00', '7'),
('2024-05-25', 763, 70, 0, 0, 1, '', '', '70.00', '7'),
('2024-05-25', 1923, 70, 0, 0, 0, '', '', '0.00', '7'),
('2024-05-25', 1924, 250, 0, 0, 2, '', '', '500.00', '7'),
('2024-05-25', 1925, 400, 0, 0, 1, '', '', '400.00', '7'),
('2024-05-25', 1144, 350, 0, 0, 2, '', '', '700.00', '7'),
('2024-05-25', 1926, 350, 0, 0, 2, '', '', '700.00', '7'),
('2024-05-25', 1927, 350, 0, 0, 2, '', '', '700.00', '7'),
('2024-05-25', 1928, 350, 0, 0, 2, '', '', '700.00', '7'),
('2024-05-25', 1929, 350, 0, 0, 2, '', '', '700.00', '7'),
('2024-05-25', 748, 550, 0, 0, 2, '', '', '1100.00', '7'),
('2024-05-25', 740, 550, 0, 0, 1, '', '', '550.00', '7'),
('2024-05-25', 742, 550, 0, 0, 0, '', '', '0.00', '7'),
('2024-05-25', 743, 550, 0, 0, 1, '', '', '550.00', '7'),
('2024-05-25', 744, 550, 0, 0, 1, '', '', '550.00', '7'),
('2024-05-25', 747, 550, 0, 0, 1, '', '', '550.00', '7'),
('2024-05-25', 758, 550, 0, 0, 1, '', '', '550.00', '7'),
('2024-05-25', 756, 550, 0, 0, 0, '', '', '0.00', '7'),
('2024-05-25', 757, 280, 0, 0, 0, '', '', '0.00', '7'),
('2024-05-25', 1930, 280, 0, 0, 0, '', '', '0.00', '7'),
('2024-05-25', 1931, 280, 0, 0, 1, '', '', '280.00', '7'),
('2024-05-25', 1932, 280, 0, 0, 1, '', '', '280.00', '7'),
('2024-05-25', 759, 380, 0, 0, 0, '', '', '0.00', '7'),
('2024-05-25', 760, 480, 0, 0, 1, '', '', '480.00', '7'),
('2024-05-25', 761, 480, 0, 0, 0, '', '', '0.00', '7'),
('2024-05-25', 1933, 380, 0, 0, 0, '', '', '0.00', '7'),
('2024-05-25', 734, 650, 0, 0, 1, '', '', '650.00', '7'),
('2024-05-25', 735, 650, 0, 0, 1, '', '', '650.00', '7'),
('2024-05-25', 736, 650, 0, 0, 1, '', '', '650.00', '7'),
('2024-05-25', 738, 750, 0, 0, 1, '', '', '750.00', '7'),
('2024-05-25', 739, 750, 0, 0, 1, '', '', '750.00', '7'),
('2024-05-25', 669, 150, 0, 0, 1, '', '', '150.00', '7'),
('2024-05-25', 670, 150, 0, 0, 1, '', '', '150.00', '7'),
('2024-05-25', 671, 150, 0, 0, 1, '', '', '150.00', '7'),
('2024-05-25', 672, 150, 0, 0, 0, '', '', '0.00', '7'),
('2024-05-25', 673, 150, 0, 0, 2, '', '', '300.00', '7'),
('2024-05-25', 674, 150, 0, 0, 1, '', '', '150.00', '7'),
('2024-05-25', 675, 150, 0, 0, 1, '', '', '150.00', '7'),
('2024-05-25', 676, 150, 0, 0, 1, '', '', '150.00', '7'),
('2024-05-25', 677, 150, 0, 0, 2, '', '', '300.00', '7'),
('2024-05-25', 678, 150, 0, 0, 2, '', '', '300.00', '7'),
('2024-05-25', 679, 150, 0, 0, 1, '', '', '150.00', '7'),
('2024-05-25', 680, 150, 0, 0, 1, '', '', '150.00', '7'),
('2024-05-25', 681, 150, 0, 0, 2, '', '', '300.00', '7'),
('2024-05-25', 1248, 150, 0, 0, 0, '', '', '0.00', '7'),
('2024-05-25', 1934, 200, 0, 0, 3, '', '', '600.00', '7'),
('2024-05-25', 1935, 200, 0, 0, 4, '', '', '800.00', '7'),
('2024-05-25', 1936, 220, 0, 0, 2, '', '', '440.00', '7'),
('2024-05-25', 668, 430, 0, 0, 6, '', '', '2580.00', '7'),
('2024-05-25', 1249, 95, 0, 0, 0, '', '', '0.00', '7'),
('2024-05-25', 1319, 95, 0, 0, 1, '', '', '95.00', '7'),
('2024-05-25', 1254, 95, 0, 0, 1, '', '', '95.00', '7'),
('2024-05-25', 1252, 95, 0, 0, 1, '', '', '95.00', '7'),
('2024-05-25', 1251, 95, 0, 0, 1, '', '', '95.00', '7'),
('2024-05-25', 1257, 95, 0, 0, 2, '', '', '190.00', '7'),
('2024-05-25', 1250, 95, 0, 0, 1, '', '', '95.00', '7'),
('2024-05-25', 1253, 95, 0, 0, 1, '', '', '95.00', '7'),
('2024-05-25', 1256, 95, 0, 0, 0, '', '', '0.00', '7'),
('2024-05-25', 1245, 50, 0, 0, 1, '', '', '50.00', '7'),
('2024-05-25', 1043, 654, 0, 0, 2, '', '', '1308.00', '7'),
('2024-05-25', 1044, 684, 0, 0, 2, '', '', '1368.00', '7'),
('2024-05-25', 2749, 2052, 0, 0, 1, '', '', '2052.00', '7'),
('2024-05-25', 1048, 897, 0, 0, 1, '', '', '897.00', '7'),
('2024-05-25', 1037, 730, 0, 0, 1, '', '', '730.00', '7'),
('2024-05-25', 1042, 1064, 0, 0, 0, '', '', '0.00', '7'),
('2024-05-25', 2608, 535, 0, 0, 3, '', '', '1605.00', '7'),
('2024-05-25', 2609, 430, 0, 0, 1, '', '', '430.00', '7'),
('2024-05-25', 1570, 936, 0, 0, 2, '', '', '1872.00', '7'),
('2024-05-25', 1569, 906, 0, 0, 2, '', '', '1812.00', '7'),
('2024-05-25', 1568, 786, 0, 0, 2, '', '', '1572.00', '7'),
('2024-05-25', 1567, 951, 0, 0, 2, '', '', '1902.00', '7'),
('2024-05-25', 1566, 1014, 0, 0, 2, '', '', '2028.00', '7'),
('2024-05-25', 63, 153, 0, 0, 3, '', '', '459.00', '7'),
('2024-05-25', 62, 162, 0, 0, 3, '', '', '486.00', '7'),
('2024-05-25', 60, 155, 0, 0, 3, '', '', '465.00', '7'),
('2024-05-25', 61, 165, 0, 0, 9, '', '', '1485.00', '7'),
('2024-05-25', 379, 75, 0, 0, 49, '', '', '3675.00', '7'),
('2024-05-25', 56, 280, 0, 0, 2, '', '', '560.00', '7'),
('2024-05-25', 162, 145, 0, 0, 2, '', '', '290.00', '7'),
('2024-05-25', 165, 145, 0, 0, 4, '', '', '580.00', '7'),
('2024-05-25', 866, 145, 0, 0, 7, '', '', '1015.00', '7'),
('2024-05-25', 2915, 1639, 0, 0, 0, '', '', '0.00', '7'),
('2024-05-25', 2914, 1283, 0, 0, 1, '', '', '1283.00', '7'),
('2024-05-25', 2356, 2350, 0, 0, 1, '', '', '2350.00', '7'),
('2024-05-25', 2752, 2350, 0, 0, 0, '', '', '0.00', '7'),
('2024-05-25', 2754, 2350, 0, 0, 1, '', '', '2350.00', '7'),
('2024-05-25', 59, 59, 0, 0, 5, '', '', '295.00', '7'),
('2024-05-25', 155, 100, 0, 0, 3, '', '', '300.00', '7'),
('2024-05-25', 53, 30, 0, 0, 1, '', '', '30.00', '7'),
('2024-05-25', 244, 115, 0, 0, 4, '', '', '460.00', '7'),
('2024-05-25', 245, 115, 0, 0, 1, '', '', '115.00', '7'),
('2024-05-25', 246, 115, 0, 0, 3, '', '', '345.00', '7'),
('2024-05-25', 883, 130, 0, 0, 2, '', '', '260.00', '7'),
('2024-05-25', 104, 840, 0, 0, 1, '', '', '840.00', '7'),
('2024-05-25', 103, 840, 0, 0, 1, '', '', '840.00', '7'),
('2024-05-25', 106, 750, 0, 0, 1, '', '', '750.00', '7'),
('2024-05-25', 107, 620, 0, 0, 1, '', '', '620.00', '7'),
('2024-05-25', 445, 361, 0, 0, 2, '', '', '723.00', '7'),
('2024-05-25', 292, 16, 0, 0, 5, '', '', '80.00', '7'),
('2024-05-25', 567, 160, 0, 0, 3, '', '', '480.00', '7'),
('2024-05-25', 309, 10, 0, 0, 0, '', '', '0.00', '7'),
('2024-05-25', 291, 7, 0, 0, 0, '', '', '0.00', '7'),
('2024-05-25', 205, 530, 0, 0, 0, '', '', '0.00', '7'),
('2024-05-25', 290, 65, 0, 0, 6, '', '', '390.00', '7'),
('2024-05-25', 338, 152, 0, 0, 5, '', '', '760.00', '7'),
('2024-05-25', 853, 151, 0, 0, 0, '', '', '0.00', '7'),
('2024-05-25', 280, 622, 0, 0, 1, '', '', '622.00', '7'),
('2024-05-25', 600, 666, 0, 0, 2, '', '', '1332.00', '7'),
('2024-05-25', 161, 145, 0, 0, 1, '', '', '145.00', '7'),
('2024-05-25', 164, 145, 0, 0, 0, '', '', '0.00', '7'),
('2024-05-25', 65, 16, 0, 0, 2, '', '', '32.00', '7'),
('2024-05-25', 54, 265, 0, 0, 1, '', '', '265.00', '7'),
('2024-05-25', 55, 270, 0, 0, 0, '', '', '0.00', '7'),
('2024-05-25', 1342, 265, 0, 0, 16, '', '', '4240.00', '7'),
('2024-05-25', 1937, 252, 0, 0, 0, '', '', '0.00', '7'),
('2024-05-25', 1938, 261, 0, 0, 1, '', '', '261.00', '7'),
('2024-05-25', 1939, 271, 0, 0, 1, '', '', '271.00', '7'),
('2024-05-25', 1940, 310, 0, 0, 2, '', '', '620.00', '7'),
('2024-05-25', 1941, 271, 0, 0, 0, '', '', '0.00', '7'),
('2024-05-25', 1942, 310, 0, 0, 2, '', '', '620.00', '7'),
('2024-05-25', 569, 271, 0, 0, 1, '', '', '271.00', '7'),
('2024-05-25', 1943, 269, 0, 0, 3, '', '', '807.00', '7'),
('2024-05-25', 1944, 65, 0, 0, 3, '', '', '195.00', '7'),
('2024-05-25', 1945, 65, 0, 0, 3, '', '', '195.00', '7'),
('2024-05-25', 1946, 65, 0, 0, 1, '', '', '65.00', '7'),
('2024-05-25', 1947, 65, 0, 0, 4, '', '', '260.00', '7'),
('2024-05-25', 1948, 65, 0, 0, 2, '', '', '130.00', '7'),
('2024-05-25', 1949, 250, 0, 0, 1, '', '', '250.00', '7'),
('2024-05-25', 1950, 130, 0, 0, 2, '', '', '260.00', '7'),
('2024-05-25', 1951, 220, 0, 0, 0, '', '', '0.00', '7'),
('2024-05-25', 1952, 5, 0, 0, 168, '', '', '840.00', '7'),
('2024-05-25', 30, 65, 0, 0, 2, '', '', '130.00', '7'),
('2024-05-25', 1953, 700, 0, 0, 3, '', '', '2100.00', '7'),
('2024-05-25', 1954, 151, 0, 0, 1, '', '', '151.00', '7'),
('2024-05-25', 1955, 1980, 0, 0, 1, '', '', '1980.00', '7'),
('2024-05-25', 1956, 1980, 0, 0, 0, '', '', '0.00', '7'),
('2024-05-25', 1957, 1980, 0, 0, 0, '', '', '0.00', '7'),
('2024-05-25', 1958, 1980, 0, 0, 1, '', '', '1980.00', '7'),
('2024-05-25', 1959, 1980, 0, 0, 1, '', '', '1980.00', '7'),
('2024-05-25', 1960, 1980, 0, 0, 1, '', '', '1980.00', '7'),
('2024-05-25', 1961, 1980, 0, 0, 1, '', '', '1980.00', '7'),
('2024-05-25', 1962, 1980, 0, 0, 1, '', '', '1980.00', '7'),
('2024-05-25', 1963, 1980, 0, 0, 1, '', '', '1980.00', '7'),
('2024-05-25', 1964, 1980, 0, 0, 1, '', '', '1980.00', '7'),
('2024-05-25', 1965, 1020, 0, 0, 1, '', '', '1020.00', '7'),
('2024-05-25', 1966, 1020, 0, 0, 0, '', '', '0.00', '7'),
('2024-05-25', 1967, 1020, 0, 0, 1, '', '', '1020.00', '7'),
('2024-05-25', 1968, 1020, 0, 0, 0, '', '', '0.00', '7'),
('2024-05-25', 1969, 1020, 0, 0, 0, '', '', '0.00', '7'),
('2024-05-25', 1970, 1020, 0, 0, 0, '', '', '0.00', '7'),
('2024-05-25', 1971, 1020, 0, 0, 0, '', '', '0.00', '7'),
('2024-05-25', 1972, 1500, 0, 0, 0, '', '', '0.00', '7'),
('2024-05-25', 1973, 1500, 0, 0, 1, '', '', '1500.00', '7'),
('2024-05-25', 1974, 1500, 0, 0, 1, '', '', '1500.00', '7'),
('2024-05-25', 1975, 1500, 0, 0, 1, '', '', '1500.00', '7'),
('2024-05-25', 1976, 1500, 0, 0, 0, '', '', '0.00', '7'),
('2024-05-25', 1977, 1500, 0, 0, 1, '', '', '1500.00', '7'),
('2024-05-25', 1978, 1500, 0, 0, 1, '', '', '1500.00', '7'),
('2024-05-25', 1979, 1500, 0, 0, 1, '', '', '1500.00', '7'),
('2024-05-25', 1980, 750, 0, 0, 1, '', '', '750.00', '7'),
('2024-05-25', 1981, 750, 0, 0, 1, '', '', '750.00', '7'),
('2024-05-25', 1982, 750, 0, 0, 1, '', '', '750.00', '7'),
('2024-05-25', 1983, 750, 0, 0, 0, '', '', '0.00', '7'),
('2024-05-25', 1984, 750, 0, 0, 0, '', '', '0.00', '7'),
('2024-05-25', 1985, 175, 0, 0, 0, '', '', '0.00', '7'),
('2024-05-25', 1986, 175, 0, 0, 2, '', '', '350.00', '7'),
('2024-05-25', 1987, 175, 0, 0, 1, '', '', '175.00', '7'),
('2024-05-25', 1988, 175, 0, 0, 1, '', '', '175.00', '7'),
('2024-05-25', 1989, 175, 0, 0, 0, '', '', '0.00', '7'),
('2024-05-25', 1990, 175, 0, 0, 0, '', '', '0.00', '7'),
('2024-05-25', 1991, 175, 0, 0, 1, '', '', '175.00', '7'),
('2024-05-25', 1992, 175, 0, 0, 1, '', '', '175.00', '7'),
('2024-05-25', 1993, 175, 0, 0, 1, '', '', '175.00', '7'),
('2024-05-25', 1994, 175, 0, 0, 1, '', '', '175.00', '7'),
('2024-05-25', 1995, 175, 0, 0, 2, '', '', '350.00', '7'),
('2024-05-25', 1996, 175, 0, 0, 3, '', '', '525.00', '7'),
('2024-05-25', 1997, 175, 0, 0, 2, '', '', '350.00', '7'),
('2024-05-25', 1998, 175, 0, 0, 0, '', '', '0.00', '7'),
('2024-05-25', 1999, 175, 0, 0, 0, '', '', '0.00', '7'),
('2024-05-25', 2000, 175, 0, 0, 0, '', '', '0.00', '7'),
('2024-05-25', 2001, 175, 0, 0, 0, '', '', '0.00', '7'),
('2024-05-25', 2002, 175, 0, 0, 0, '', '', '0.00', '7'),
('2024-05-25', 2003, 175, 0, 0, 0, '', '', '0.00', '7'),
('2024-05-25', 2004, 175, 0, 0, 1, '', '', '175.00', '7'),
('2024-05-25', 2005, 175, 0, 0, 0, '', '', '0.00', '7'),
('2024-05-25', 2006, 175, 0, 0, 0, '', '', '0.00', '7'),
('2024-05-25', 2007, 175, 0, 0, 0, '', '', '0.00', '7'),
('2024-05-25', 2008, 140, 0, 0, 1, '', '', '140.00', '7'),
('2024-05-25', 2009, 140, 0, 0, 1, '', '', '140.00', '7'),
('2024-05-25', 2010, 140, 0, 0, 1, '', '', '140.00', '7'),
('2024-05-25', 2011, 140, 0, 0, 1, '', '', '140.00', '7'),
('2024-05-25', 2012, 140, 0, 0, 1, '', '', '140.00', '7'),
('2024-05-25', 2013, 140, 0, 0, 0, '', '', '0.00', '7'),
('2024-05-25', 2014, 140, 0, 0, 4, '', '', '560.00', '7'),
('2024-05-25', 2015, 140, 0, 0, 1, '', '', '140.00', '7'),
('2024-05-25', 2016, 140, 0, 0, 1, '', '', '140.00', '7'),
('2024-05-25', 2017, 140, 0, 0, 1, '', '', '140.00', '7'),
('2024-05-25', 2018, 140, 0, 0, 0, '', '', '0.00', '7'),
('2024-05-25', 2019, 140, 0, 0, 0, '', '', '0.00', '7'),
('2024-05-25', 2020, 140, 0, 0, 0, '', '', '0.00', '7'),
('2024-05-25', 2021, 195, 0, 0, 1, '', '', '195.00', '7'),
('2024-05-25', 2022, 195, 0, 0, 0, '', '', '0.00', '7'),
('2024-05-25', 2023, 195, 0, 0, 1, '', '', '195.00', '7'),
('2024-05-25', 1462, 195, 0, 0, 3, '', '', '585.00', '7'),
('2024-05-25', 1065, 195, 0, 0, 4, '', '', '780.00', '7'),
('2024-05-25', 2024, 160, 0, 0, 0, '', '', '0.00', '7'),
('2024-05-25', 2025, 160, 0, 0, 2, '', '', '320.00', '7'),
('2024-05-25', 2026, 160, 0, 0, 0, '', '', '0.00', '7'),
('2024-05-25', 1059, 160, 0, 0, 2, '', '', '320.00', '7'),
('2024-05-25', 1060, 180, 0, 0, 3, '', '', '540.00', '7'),
('2024-05-25', 2027, 450, 0, 0, 1, '', '', '450.00', '7'),
('2024-05-25', 1064, 195, 0, 0, 1, '', '', '195.00', '7'),
('2024-05-25', 2028, 195, 0, 0, 0, '', '', '0.00', '7'),
('2024-05-25', 1467, 195, 0, 0, 1, '', '', '195.00', '7'),
('2024-05-25', 1470, 195, 0, 0, 1, '', '', '195.00', '7'),
('2024-05-25', 2029, 195, 0, 0, 4, '', '', '780.00', '7'),
('2024-05-25', 1069, 120, 0, 0, 0, '', '', '0.00', '7'),
('2024-05-25', 1070, 120, 0, 0, 9, '', '', '1080.00', '7'),
('2024-05-25', 1071, 120, 0, 0, 4, '', '', '480.00', '7'),
('2024-05-25', 2030, 500, 0, 0, 2, '', '', '1000.00', '7'),
('2024-05-25', 2031, 290, 0, 0, 1, '', '', '290.00', '7'),
('2024-05-25', 2032, 900, 0, 0, 1, '', '', '900.00', '7'),
('2024-05-25', 2033, 270, 0, 0, 0, '', '', '0.00', '7'),
('2024-05-25', 113, 250, 0, 0, 4, '', '', '1000.00', '7'),
('2024-05-25', 1474, 140, 0, 0, 2, '', '', '280.00', '7'),
('2024-05-25', 2034, 420, 0, 0, 1, '', '', '420.00', '7'),
('2024-05-25', 2035, 1330, 0, 0, 2, '', '', '2660.00', '7'),
('2024-05-25', 777, 1000, 0, 0, 2, '', '', '2000.00', '7'),
('2024-05-25', 2036, 35, 0, 0, 4, '', '', '140.00', '7'),
('2024-05-25', 167, 500, 0, 0, 2, '', '', '1000.00', '7'),
('2024-05-25', 2037, 75, 0, 0, 10, '', '', '750.00', '7'),
('2024-05-25', 2038, 196, 0, 0, 3, '', '', '588.00', '7'),
('2024-05-25', 149, 1450, 0, 0, 1, '', '', '1450.00', '7'),
('2024-05-25', 2039, 1700, 0, 0, 1, '', '', '1700.00', '7'),
('2024-05-25', 2040, 310, 0, 0, 1, '', '', '310.00', '7'),
('2024-05-25', 28, 80, 0, 0, 3, '', '', '240.00', '7'),
('2024-05-25', 2041, 310, 0, 0, 2, '', '', '620.00', '7'),
('2024-05-25', 2042, 310, 0, 0, 3, '', '', '930.00', '7'),
('2024-05-25', 6, 520, 0, 0, 2, '', '', '1040.00', '7'),
('2024-05-25', 1, 400, 0, 0, 2, '', '', '800.00', '7'),
('2024-05-25', 848, 80, 0, 0, 1, '', '', '80.00', '7'),
('2024-05-25', 2043, 220, 0, 0, 0, '', '', '0.00', '7'),
('2024-05-25', 875, 350, 0, 0, 0, '', '', '0.00', '7'),
('2024-05-25', 898, 1320, 0, 0, 0, '', '', '0.00', '7'),
('2024-05-25', 2044, 1350, 0, 0, 2, '', '', '2700.00', '7'),
('2024-05-25', 531, 100, 0, 0, 2, '', '', '200.00', '7'),
('2024-05-25', 658, 100, 0, 0, 0, '', '', '0.00', '7'),
('2024-05-25', 251, 118, 0, 0, 0, '', '', '0.00', '7'),
('2024-05-25', 102, 1300, 0, 0, 1, '', '', '1300.00', '7'),
('2024-05-25', 380, 220, 0, 0, 2, '', '', '440.00', '7'),
('2024-05-25', 2045, 489, 0, 0, 3, '', '', '1467.00', '7'),
('2024-05-25', 2046, 799, 0, 0, 1, '', '', '799.00', '7'),
('2024-05-25', 312, 400, 0, 0, 2, '', '', '800.00', '7'),
('2024-05-25', 373, 55, 0, 0, 2, '', '', '110.00', '7'),
('2024-05-25', 71, 40, 0, 0, 5, '', '', '200.00', '7'),
('2024-05-25', 70, 40, 0, 0, 7, '', '', '280.00', '7'),
('2024-05-25', 2047, 2, 0, 0, 100, '', '', '200.00', '7'),
('2024-05-25', 1608, 5, 0, 0, 0, '', '', '0.00', '7'),
('2024-05-25', 2048, 5, 0, 0, 17, '', '', '85.00', '7'),
('2024-05-25', 2049, 137, 0, 0, 2, '', '', '274.00', '7'),
('2024-05-25', 2050, 150, 0, 0, 0, '', '', '0.00', '7'),
('2024-05-25', 21, 75, 0, 0, 18, '', '', '1350.00', '7'),
('2024-05-25', 22, 65, 0, 0, 3, '', '', '195.00', '7'),
('2024-05-25', 536, 179, 0, 0, 0, '', '', '0.00', '7'),
('2024-05-25', 2051, 328, 0, 0, 0, '', '', '0.00', '7'),
('2024-05-25', 2052, 328, 0, 0, 2, '', '', '656.00', '7'),
('2024-05-25', 2053, 328, 0, 0, 0, '', '', '0.00', '7'),
('2024-05-25', 2054, 758, 0, 0, 2, '', '', '1516.00', '7'),
('2024-05-25', 2055, 758, 0, 0, 2, '', '', '1516.00', '7'),
('2024-05-25', 7, 410, 0, 0, 0, '', '', '0.00', '7'),
('2024-05-25', 91, 250, 0, 0, 3, '', '', '750.00', '7'),
('2024-05-25', 92, 160, 0, 0, 4, '', '', '640.00', '7'),
('2024-05-25', 2056, 1800, 0, 0, 0, '', '', '0.00', '7'),
('2024-05-25', 2057, 1450, 0, 0, 0, '', '', '0.00', '7'),
('2024-05-25', 2058, 1100, 0, 0, 1, '', '', '1100.00', '7'),
('2024-05-25', 2059, 100, 0, 0, 1, '', '', '100.00', '7'),
('2024-05-25', 2060, 50, 0, 0, 4, '', '', '200.00', '7'),
('2024-05-25', 2061, 650, 0, 0, 1, '', '', '650.00', '7'),
('2024-05-25', 2062, 650, 0, 0, 1, '', '', '650.00', '7'),
('2024-05-25', 2063, 240, 0, 0, 2, '', '', '480.00', '7'),
('2024-05-25', 2064, 820, 0, 0, 0, '', '', '0.00', '7'),
('2024-05-25', 2065, 820, 0, 0, 2, '', '', '1640.00', '7'),
('2024-05-25', 144, 850, 0, 0, 1, '', '', '850.00', '7'),
('2024-05-25', 147, 850, 0, 0, 1, '', '', '850.00', '7'),
('2024-05-25', 2066, 850, 0, 0, 2, '', '', '1700.00', '7'),
('2024-05-25', 2067, 720, 0, 0, 1, '', '', '720.00', '7'),
('2024-05-25', 2068, 750, 0, 0, 1, '', '', '750.00', '7'),
('2024-05-25', 2069, 750, 0, 0, 2, '', '', '1500.00', '7'),
('2024-05-25', 2070, 750, 0, 0, 2, '', '', '1500.00', '7'),
('2024-05-25', 2071, 720, 0, 0, 3, '', '', '2160.00', '7'),
('2024-05-25', 2072, 720, 0, 0, 4, '', '', '2880.00', '7'),
('2024-05-25', 1333, 150, 0, 0, 12, '', '', '1800.00', '7'),
('2024-05-25', 1334, 140, 0, 0, 6, '', '', '840.00', '7'),
('2024-05-25', 782, 50, 0, 0, 1, '', '', '50.00', '7'),
('2024-05-25', 2073, 1680, 0, 0, 1, '', '', '1680.00', '7'),
('2024-05-25', 2074, 1280, 0, 0, 2, '', '', '2560.00', '7'),
('2024-05-25', 2075, 2150, 0, 0, 1, '', '', '2150.00', '7'),
('2024-05-25', 2076, 2150, 0, 0, 0, '', '', '0.00', '7'),
('2024-05-25', 2077, 750, 0, 0, 1, '', '', '750.00', '7'),
('2024-05-25', 2078, 750, 0, 0, 0, '', '', '0.00', '7'),
('2024-05-25', 129, 184, 0, 0, 4, '', '', '736.00', '7'),
('2024-05-25', 25, 45, 0, 0, 16, '', '', '720.00', '7'),
('2024-05-25', 128, 1040, 0, 0, 1, '', '', '1040.00', '7'),
('2024-05-25', 26, 68, 0, 0, 18, '', '', '1224.00', '7'),
('2024-05-25', 2079, 672, 0, 0, 2, '', '', '1344.00', '7'),
('2024-05-25', 2080, 544, 0, 0, 2, '', '', '1088.00', '7'),
('2024-05-25', 2081, 675, 0, 0, 0, '', '', '0.00', '7'),
('2024-05-25', 8, 520, 0, 0, 1, '', '', '520.00', '7'),
('2024-05-25', 1673, 752, 0, 0, 0, '', '', '0.00', '7'),
('2024-05-25', 2082, 240, 0, 0, 1, '', '', '240.00', '7'),
('2024-05-25', 1399, 290, 0, 0, 2, '', '', '580.00', '7'),
('2024-05-25', 2083, 290, 0, 0, 0, '', '', '0.00', '7'),
('2024-05-25', 2084, 250, 0, 0, 0, '', '', '0.00', '7'),
('2024-05-25', 2085, 160, 0, 0, 5, '', '', '800.00', '7'),
('2024-05-25', 886, 480, 0, 0, -1, '', '', '0.00', '7'),
('2024-05-25', 2086, 530, 0, 0, 0, '', '', '0.00', '7'),
('2024-05-25', 2087, 430, 0, 0, 0, '', '', '0.00', '7'),
('2024-05-25', 2088, 400, 0, 0, 2, '', '', '800.00', '7'),
('2024-05-25', 2089, 400, 0, 0, 2, '', '', '800.00', '7'),
('2024-05-25', 2090, 400, 0, 0, 2, '', '', '800.00', '7'),
('2024-05-25', 2091, 75, 0, 0, 0, '', '', '0.00', '7'),
('2024-05-25', 2092, 55, 0, 0, 20, '', '', '1100.00', '7'),
('2024-05-25', 2093, 124, 0, 0, 10, '', '', '1240.00', '7'),
('2024-05-25', 2094, 65, 0, 0, 19, '', '', '1235.00', '7'),
('2024-05-25', 2095, 95, 0, 0, 19, '', '', '1805.00', '7'),
('2024-05-25', 2096, 410, 0, 0, 10, '', '', '4100.00', '7'),
('2024-05-25', 2097, 1850, 0, 0, 0, '', '', '0.00', '7'),
('2024-05-25', 2098, 2450, 0, 0, 1, '', '', '2450.00', '7'),
('2024-05-25', 1721, 1750, 0, 0, 1, '', '', '1750.00', '7'),
('2024-05-25', 2099, 1400, 0, 0, 0, '', '', '0.00', '7'),
('2024-05-25', 1590, 1200, 0, 0, 2, '', '', '2400.00', '7'),
('2024-05-25', 2100, 175, 0, 0, 0, '', '', '0.00', '7'),
('2024-05-25', 1581, 850, 0, 0, 1, '', '', '850.00', '7'),
('2024-05-25', 1582, 880, 0, 0, 1, '', '', '880.00', '7'),
('2024-05-25', 1583, 1050, 0, 0, 1, '', '', '1050.00', '7'),
('2024-05-25', 1584, 1020, 0, 0, 0, '', '', '0.00', '7'),
('2024-05-25', 1585, 1020, 0, 0, 1, '', '', '1020.00', '7'),
('2024-05-25', 1586, 1050, 0, 0, 1, '', '', '1050.00', '7'),
('2024-05-25', 1587, 1350, 0, 0, 1, '', '', '1350.00', '7'),
('2024-05-25', 2101, 1850, 0, 0, 1, '', '', '1850.00', '7'),
('2024-05-25', 1589, 1850, 0, 0, 1, '', '', '1850.00', '7'),
('2024-05-25', 1591, 870, 0, 0, 1, '', '', '870.00', '7'),
('2024-05-25', 1592, 870, 0, 0, 1, '', '', '870.00', '7'),
('2024-05-25', 1593, 870, 0, 0, 0, '', '', '0.00', '7'),
('2024-05-25', 1594, 870, 0, 0, 1, '', '', '870.00', '7'),
('2024-05-25', 2102, 675, 0, 0, 1, '', '', '675.00', '7'),
('2024-05-25', 1595, 80, 0, 0, 5, '', '', '400.00', '7'),
('2024-05-25', 29, 50, 0, 0, 8, '', '', '400.00', '7'),
('2024-05-25', 2103, 70, 0, 0, 1, '', '', '70.00', '7'),
('2024-05-25', 2104, 300, 0, 0, 2, '', '', '600.00', '7'),
('2024-05-25', 2105, 450, 0, 0, 1, '', '', '450.00', '7'),
('2024-05-25', 1408, 450, 0, 0, 1, '', '', '450.00', '7'),
('2024-05-25', 2106, 109, 0, 0, 3, '', '', '327.00', '7'),
('2024-05-25', 2107, 700, 0, 0, 0, '', '', '0.00', '7'),
('2024-05-25', 2108, 750, 0, 0, 1, '', '', '750.00', '7'),
('2024-05-25', 2109, 750, 0, 0, 1, '', '', '750.00', '7'),
('2024-05-25', 1425, 148, 0, 0, 2, '', '', '296.00', '7'),
('2024-05-25', 2110, 190, 0, 0, 2, '', '', '380.00', '7'),
('2024-05-25', 2111, 145, 0, 0, 2, '', '', '290.00', '7'),
('2024-05-25', 2112, 850, 0, 0, 0, '', '', '0.00', '7'),
('2024-05-25', 2113, 850, 0, 0, 1, '', '', '850.00', '7'),
('2024-05-25', 2114, 850, 0, 0, 1, '', '', '850.00', '7'),
('2024-05-25', 2115, 1600, 0, 0, 2, '', '', '3200.00', '7'),
('2024-05-25', 2116, 128, 0, 0, 4, '', '', '512.00', '7'),
('2024-05-25', 2117, 1500, 0, 0, 1, '', '', '1500.00', '7'),
('2024-05-25', 2118, 1500, 0, 0, 1, '', '', '1500.00', '7'),
('2024-05-25', 2119, 280, 0, 0, 0, '', '', '0.00', '7'),
('2024-05-25', 2120, 18, 0, 0, 3, '', '', '54.00', '7'),
('2024-05-25', 2121, 18, 0, 0, 6, '', '', '108.00', '7'),
('2024-05-25', 705, 580, 0, 0, 1, '', '', '580.00', '7'),
('2024-05-25', 2122, 650, 0, 0, 2, '', '', '1300.00', '7'),
('2024-05-25', 2123, 90, 0, 0, 0, '', '', '0.00', '7'),
('2024-05-25', 2124, 180, 0, 0, 1, '', '', '180.00', '7'),
('2024-05-25', 2125, 400, 0, 0, 1, '', '', '400.00', '7'),
('2024-05-25', 2126, 40, 0, 0, 2, '', '', '80.00', '7'),
('2024-05-25', 2127, 40, 0, 0, 2, '', '', '80.00', '7'),
('2024-05-25', 2128, 40, 0, 0, 2, '', '', '80.00', '7'),
('2024-05-25', 2129, 40, 0, 0, 2, '', '', '80.00', '7'),
('2024-05-25', 2130, 40, 0, 0, 2, '', '', '80.00', '7'),
('2024-05-25', 2131, 40, 0, 0, 2, '', '', '80.00', '7'),
('2024-05-25', 2132, 40, 0, 0, 2, '', '', '80.00', '7'),
('2024-05-25', 2133, 40, 0, 0, 2, '', '', '80.00', '7'),
('2024-05-25', 2134, 40, 0, 0, 1, '', '', '40.00', '7'),
('2024-05-25', 2135, 2100, 0, 0, 1, '', '', '2100.00', '7'),
('2024-05-25', 2136, 1200, 0, 0, 0, '', '', '0.00', '7'),
('2024-05-25', 2137, 1639, 0, 0, 0, '', '', '0.00', '7'),
('2024-05-25', 2138, 5750, 0, 0, 1, '', '', '5750.00', '7'),
('2024-05-25', 2139, 350, 0, 0, 4, '', '', '1400.00', '7'),
('2024-05-25', 2140, 470, 0, 0, 2, '', '', '940.00', '7'),
('2024-05-25', 934, 535, 0, 0, 0, '', '', '0.00', '7'),
('2024-05-25', 2141, 480, 0, 0, 1, '', '', '480.00', '7'),
('2024-05-25', 2142, 2060, 0, 0, 1, '', '', '2060.00', '7'),
('2024-05-25', 2143, 240, 0, 0, 2, '', '', '480.00', '7'),
('2024-05-25', 2144, 120, 0, 0, 5, '', '', '600.00', '7'),
('2024-05-25', 2145, 460, 0, 0, 1, '', '', '460.00', '7'),
('2024-05-25', 2146, 950, 0, 0, 1, '', '', '950.00', '7'),
('2024-05-25', 925, 151, 0, 0, 2, '', '', '302.00', '7'),
('2024-05-25', 924, 151, 0, 0, 1, '', '', '151.00', '7'),
('2024-05-25', 2147, 1150, 0, 0, 1, '', '', '1150.00', '7'),
('2024-05-25', 2148, 179, 0, 0, 3, '', '', '537.00', '7'),
('2024-05-25', 2149, 4130, 0, 0, 1, '', '', '4130.00', '7'),
('2024-05-25', 2150, 900, 0, 0, 0, '', '', '0.00', '7'),
('2024-05-25', 2151, 75, 0, 0, 5, '', '', '375.00', '7'),
('2024-05-25', 2152, 1150, 0, 0, 1, '', '', '1150.00', '7'),
('2024-05-25', 2153, 16, 0, 0, 9, '', '', '144.00', '7'),
('2024-05-25', 2154, 145, 0, 0, 2, '', '', '290.00', '7'),
('2024-05-25', 2155, 16, 0, 0, 7, '', '', '112.00', '7'),
('2024-05-25', 2156, 100, 0, 0, 2, '', '', '200.00', '7'),
('2024-05-25', 66, 8, 0, 0, 65, '', '', '520.00', '7'),
('2024-05-25', 1367, 350, 0, 0, 0, '', '', '0.00', '7'),
('2024-05-25', 2157, 400, 0, 0, 1, '', '', '400.00', '7'),
('2024-05-25', 2158, 990, 0, 0, 0, '', '', '0.00', '7'),
('2024-05-25', 2159, 990, 0, 0, 1, '', '', '990.00', '7'),
('2024-05-25', 2160, 990, 0, 0, 1, '', '', '990.00', '7'),
('2024-05-25', 2161, 990, 0, 0, 1, '', '', '990.00', '7'),
('2024-05-25', 2162, 990, 0, 0, 1, '', '', '990.00', '7'),
('2024-05-25', 2163, 990, 0, 0, 1, '', '', '990.00', '7'),
('2024-05-25', 2164, 71, 0, 0, 4, '', '', '284.00', '7'),
('2024-05-25', 2165, 71, 0, 0, 5, '', '', '355.00', '7'),
('2024-05-25', 2166, 71, 0, 0, 8, '', '', '568.00', '7'),
('2024-05-25', 2167, 71, 0, 0, 5, '', '', '355.00', '7'),
('2024-05-25', 2168, 71, 0, 0, 3, '', '', '213.00', '7'),
('2024-05-25', 2169, 71, 0, 0, 4, '', '', '284.00', '7'),
('2024-05-25', 2170, 2000, 0, 0, 1, '', '', '2000.00', '7'),
('2024-05-25', 2171, 700, 0, 0, 1, '', '', '700.00', '7'),
('2024-05-25', 2172, 750, 0, 0, 1, '', '', '750.00', '7'),
('2024-05-25', 2173, 750, 0, 0, 1, '', '', '750.00', '7'),
('2024-05-25', 2174, 672, 0, 0, 2, '', '', '1344.00', '7'),
('2024-05-25', 1410, 450, 0, 0, 1, '', '', '450.00', '7'),
('2024-05-25', 1497, 340, 0, 0, 1, '', '', '340.00', '7'),
('2024-05-25', 1509, 380, 0, 0, 1, '', '', '380.00', '7'),
('2024-05-25', 1496, 500, 0, 0, 1, '', '', '500.00', '7'),
('2024-05-25', 2175, 260, 0, 0, 0, '', '', '0.00', '7'),
('2024-05-25', 2176, 320, 0, 0, 1, '', '', '320.00', '7'),
('2024-05-25', 2177, 520, 0, 0, 1, '', '', '520.00', '7'),
('2024-05-25', 1507, 180, 0, 0, 1, '', '', '180.00', '7'),
('2024-05-25', 2178, 350, 0, 0, 1, '', '', '350.00', '7'),
('2024-05-25', 2179, 310, 0, 0, 1, '', '', '310.00', '7'),
('2024-05-25', 2180, 362, 0, 0, 2, '', '', '724.00', '7'),
('2024-05-25', 2181, 50, 0, 0, 3, '', '', '150.00', '7'),
('2024-05-25', 2182, 328, 0, 0, 1, '', '', '328.00', '7'),
('2024-05-25', 1506, 480, 0, 0, 1, '', '', '480.00', '7'),
('2024-05-25', 2183, 50, 0, 0, 2, '', '', '100.00', '7'),
('2024-05-25', 2184, 430, 0, 0, 0, '', '', '0.00', '7'),
('2024-05-25', 156, 14, 0, 0, 5, '', '', '70.00', '7'),
('2024-05-25', 2185, 14, 0, 0, 8, '', '', '112.00', '7'),
('2024-05-25', 2186, 14, 0, 0, 6, '', '', '84.00', '7'),
('2024-05-25', 2187, 14, 0, 0, 9, '', '', '126.00', '7'),
('2024-05-25', 2188, 14, 0, 0, 2, '', '', '28.00', '7'),
('2024-05-25', 2189, 14, 0, 0, 1, '', '', '14.00', '7'),
('2024-05-25', 1646, 83, 0, 0, 8, '', '', '664.00', '7'),
('2024-05-25', 69, 40, 0, 0, 4, '', '', '160.00', '7'),
('2024-05-25', 2190, 300, 0, 0, -1, '', '', '0.00', '7'),
('2024-05-25', 1602, 58, 0, 0, 1, '', '', '58.00', '7'),
('2024-05-25', 426, 80, 0, 0, 1, '', '', '80.00', '7'),
('2024-05-25', 1707, 55, 0, 0, 0, '', '', '0.00', '7'),
('2024-05-25', 2191, 1300, 0, 0, 0, '', '', '0.00', '7'),
('2024-05-25', 1726, 548, 0, 0, 0, '', '', '0.00', '7'),
('2024-05-25', 2192, 451, 0, 0, 0, '', '', '0.00', '7'),
('2024-05-25', 2193, 432, 0, 0, 0, '', '', '0.00', '7'),
('2024-05-25', 1601, 110, 0, 0, 10, '', '', '1100.00', '7'),
('2024-05-25', 1424, 400, 0, 0, 0, '', '', '0.00', '7'),
('2024-05-25', 220, 43, 0, 0, 6, '', '', '258.00', '7'),
('2024-05-25', 2194, 440, 0, 0, 0, '', '', '0.00', '7'),
('2024-05-25', 2195, 700, 0, 0, 1, '', '', '700.00', '7'),
('2024-05-25', 2196, 1400, 0, 0, 2, '', '', '2800.00', '7'),
('2024-05-25', 2197, 39, 0, 0, -5, '', '', '0.00', '7'),
('2024-05-25', 2198, 15, 0, 0, 5, '', '', '75.00', '7'),
('2024-05-25', 2199, 15, 0, 0, 5, '', '', '75.00', '7'),
('2024-05-25', 1677, 61, 0, 0, 1, '', '', '61.00', '7'),
('2024-05-25', 1678, 500, 0, 0, 1, '', '', '500.00', '7'),
('2024-05-25', 2200, 680, 0, 0, 0, '', '', '0.00', '7'),
('2024-05-25', 2201, 1190, 0, 0, 1, '', '', '1190.00', '7'),
('2024-05-25', 1647, 84, 0, 0, 1, '', '', '84.00', '7'),
('2024-05-25', 2202, 30, 0, 0, 1, '', '', '30.00', '7'),
('2024-05-25', 2203, 250, 0, 0, 0, '', '', '0.00', '7'),
('2024-05-25', 2204, 250, 0, 0, 0, '', '', '0.00', '7'),
('2024-05-25', 1578, 250, 0, 0, 1, '', '', '250.00', '7'),
('2024-05-25', 1724, 250, 0, 0, 2, '', '', '500.00', '7'),
('2024-05-25', 1572, 550, 0, 0, 0, '', '', '0.00', '7'),
('2024-05-25', 1571, 550, 0, 0, 1, '', '', '550.00', '7'),
('2024-05-25', 2205, 75, 0, 0, 1, '', '', '75.00', '7'),
('2024-05-25', 2206, 75, 0, 0, 2, '', '', '150.00', '7'),
('2024-05-25', 2207, 75, 0, 0, 0, '', '', '0.00', '7'),
('2024-05-25', 2208, 75, 0, 0, 2, '', '', '150.00', '7'),
('2024-05-25', 2209, 75, 0, 0, 1, '', '', '75.00', '7'),
('2024-05-25', 2210, 75, 0, 0, 2, '', '', '150.00', '7'),
('2024-05-25', 2211, 75, 0, 0, 2, '', '', '150.00', '7'),
('2024-05-25', 2212, 75, 0, 0, 2, '', '', '150.00', '7'),
('2024-05-25', 2213, 75, 0, 0, 2, '', '', '150.00', '7'),
('2024-05-25', 2214, 75, 0, 0, 2, '', '', '150.00', '7'),
('2024-05-25', 2215, 75, 0, 0, 2, '', '', '150.00', '7'),
('2024-05-25', 2216, 75, 0, 0, 2, '', '', '150.00', '7'),
('2024-05-25', 2217, 75, 0, 0, 2, '', '', '150.00', '7'),
('2024-05-25', 2218, 75, 0, 0, 1, '', '', '75.00', '7'),
('2024-05-25', 2219, 75, 0, 0, 2, '', '', '150.00', '7'),
('2024-05-25', 2220, 100, 0, 0, 8, '', '', '800.00', '7'),
('2024-05-25', 2221, 100, 0, 0, 7, '', '', '700.00', '7'),
('2024-05-25', 2222, 100, 0, 0, 8, '', '', '800.00', '7'),
('2024-05-25', 2223, 100, 0, 0, 5, '', '', '500.00', '7'),
('2024-05-25', 2224, 100, 0, 0, 0, '', '', '0.00', '7'),
('2024-05-25', 2225, 100, 0, 0, 0, '', '', '0.00', '7'),
('2024-05-25', 1699, 100, 0, 0, 8, '', '', '800.00', '7'),
('2024-05-25', 1038, 798, 0, 0, 0, '', '', '0.00', '7'),
('2024-05-25', 2226, 1216, 0, 0, 0, '', '', '0.00', '7'),
('2024-05-25', 1039, 897, 0, 0, 0, '', '', '0.00', '7'),
('2024-05-25', 1045, 798, 0, 0, 2, '', '', '1596.00', '7'),
('2024-05-25', 2227, 150, 0, 0, 5, '', '', '750.00', '7'),
('2024-05-25', 2228, 160, 0, 0, 8, '', '', '1280.00', '7'),
('2024-05-25', 2229, 155, 0, 0, 1, '', '', '155.00', '7'),
('2024-05-25', 2230, 165, 0, 0, 10, '', '', '1650.00', '7'),
('2024-05-25', 2231, 100, 0, 0, 2, '', '', '200.00', '7'),
('2024-05-25', 2232, 100, 0, 0, 2, '', '', '200.00', '7'),
('2024-05-25', 2233, 100, 0, 0, 2, '', '', '200.00', '7'),
('2024-05-25', 2234, 100, 0, 0, 1, '', '', '100.00', '7'),
('2024-05-25', 2235, 100, 0, 0, 0, '', '', '0.00', '7'),
('2024-05-25', 1727, 568, 0, 0, 0, '', '', '0.00', '7'),
('2024-05-25', 2236, 336, 0, 0, 0, '', '', '0.00', '7'),
('2024-05-25', 1728, 592, 0, 0, 0, '', '', '0.00', '7'),
('2024-05-25', 2237, 451, 0, 0, 0, '', '', '0.00', '7'),
('2024-05-25', 788, 1050, 0, 0, 1, '', '', '1050.00', '7'),
('2024-05-25', 1049, 1050, 0, 0, 1, '', '', '1050.00', '7'),
('2024-05-25', 2238, 25, 0, 0, 12, '', '', '300.00', '7'),
('2024-05-25', 2239, 85, 0, 0, 5, '', '', '425.00', '7'),
('2024-05-25', 2240, 100, 0, 0, 0, '', '', '0.00', '7'),
('2024-05-25', 2241, 699, 0, 0, 1, '', '', '699.00', '7'),
('2024-05-25', 2242, 90, 0, 0, 0, '', '', '0.00', '7'),
('2024-05-25', 2243, 90, 0, 0, 0, '', '', '0.00', '7'),
('2024-05-25', 2244, 90, 0, 0, 2, '', '', '180.00', '7'),
('2024-05-25', 2245, 70, 0, 0, 1, '', '', '70.00', '7'),
('2024-05-25', 2246, 70, 0, 0, 1, '', '', '70.00', '7'),
('2024-05-25', 2247, 70, 0, 0, 4, '', '', '280.00', '7'),
('2024-05-25', 2248, 38, 0, 0, 0, '', '', '0.00', '7'),
('2024-05-25', 101, 59, 0, 0, 2, '', '', '118.00', '7'),
('2024-05-25', 1757, 245, 0, 0, 2, '', '', '490.00', '7'),
('2024-05-25', 358, 319, 0, 0, 1, '', '', '319.00', '7'),
('2024-05-25', 2249, 293, 0, 0, 1, '', '', '293.00', '7'),
('2024-05-25', 2250, 313, 0, 0, 1, '', '', '313.00', '7'),
('2024-05-25', 2251, 313, 0, 0, 1, '', '', '313.00', '7'),
('2024-05-25', 2252, 330, 0, 0, 1, '', '', '330.00', '7'),
('2024-05-25', 2253, 350, 0, 0, 1, '', '', '350.00', '7'),
('2024-05-25', 2254, 350, 0, 0, 1, '', '', '350.00', '7'),
('2024-05-25', 2255, 180, 0, 0, 0, '', '', '0.00', '7'),
('2024-05-25', 2256, 550, 0, 0, 2, '', '', '1100.00', '7'),
('2024-05-25', 2257, 143, 0, 0, 1, '', '', '143.00', '7'),
('2024-05-25', 29, 65, 0, 0, 2, '', '', '130.00', '7'),
('2024-05-25', 2258, 1750, 0, 0, 0, '', '', '0.00', '7'),
('2024-05-25', 2259, 800, 0, 0, 1, '', '', '800.00', '7'),
('2024-05-25', 2260, 1150, 0, 0, 1, '', '', '1150.00', '7'),
('2024-05-25', 2261, 60, 0, 0, 3, '', '', '180.00', '7'),
('2024-05-25', 2262, 240, 0, 0, 3, '', '', '720.00', '7'),
('2024-05-25', 2263, 1180, 0, 0, 0, '', '', '0.00', '7'),
('2024-05-25', 1547, 90, 0, 0, 4, '', '', '360.00', '7'),
('2024-05-25', 1555, 90, 0, 0, 1, '', '', '90.00', '7'),
('2024-05-25', 1550, 90, 0, 0, 2, '', '', '180.00', '7'),
('2024-05-25', 1553, 90, 0, 0, 2, '', '', '180.00', '7'),
('2024-05-25', 2264, 90, 0, 0, 2, '', '', '180.00', '7'),
('2024-05-25', 2265, 294, 0, 0, 2, '', '', '588.00', '7'),
('2024-05-25', 2266, 100, 0, 0, 1, '', '', '100.00', '7'),
('2024-05-25', 2267, 950, 0, 0, 1, '', '', '950.00', '7'),
('2024-05-25', 2268, 400, 0, 0, 1, '', '', '400.00', '7'),
('2024-05-25', 2269, 55, 0, 0, 7, '', '', '385.00', '7'),
('2024-05-25', 1767, 50, 0, 0, 5, '', '', '250.00', '7'),
('2024-05-25', 2270, 250, 0, 0, 2, '', '', '500.00', '7'),
('2024-05-25', 1574, 250, 0, 0, 0, '', '', '0.00', '7'),
('2024-05-25', 2271, 152, 0, 0, 2, '', '', '304.00', '7'),
('2024-05-25', 2272, 100, 0, 0, 0, '', '', '0.00', '7'),
('2024-05-25', 2273, 100, 0, 0, 1, '', '', '100.00', '7'),
('2024-05-25', 2274, 100, 0, 0, 3, '', '', '300.00', '7'),
('2024-05-25', 2275, 100, 0, 0, 10, '', '', '1000.00', '7'),
('2024-05-25', 2276, 100, 0, 0, 10, '', '', '1000.00', '7'),
('2024-05-25', 2277, 100, 0, 0, 3, '', '', '300.00', '7'),
('2024-05-25', 2278, 100, 0, 0, 10, '', '', '1000.00', '7'),
('2024-05-25', 2279, 100, 0, 0, 10, '', '', '1000.00', '7'),
('2024-05-25', 864, 30, 0, 0, 0, '', '', '0.00', '7'),
('2024-05-25', 1715, 1280, 0, 0, 1, '', '', '1280.00', '7'),
('2024-05-25', 2280, 1280, 0, 0, 1, '', '', '1280.00', '7'),
('2024-05-25', 2281, 2000, 0, 0, 1, '', '', '2000.00', '7'),
('2024-05-25', 2282, 850, 0, 0, 4, '', '', '3400.00', '7'),
('2024-05-25', 2283, 245, 0, 0, 2, '', '', '490.00', '7'),
('2024-05-25', 2284, 245, 0, 0, 2, '', '', '490.00', '7'),
('2024-05-25', 2285, 35, 0, 0, 8, '', '', '280.00', '7'),
('2024-05-25', 2286, 1460, 0, 0, 1, '', '', '1460.00', '7'),
('2024-05-25', 2287, 1350, 0, 0, 1, '', '', '1350.00', '7'),
('2024-05-25', 2288, 380, 0, 0, 3, '', '', '1140.00', '7'),
('2024-05-25', 2289, 535, 0, 0, 3, '', '', '1605.00', '7'),
('2024-05-25', 1046, 983, 0, 0, 1, '', '', '983.00', '7'),
('2024-05-25', 2290, 100, 0, 0, 10, '', '', '1000.00', '7'),
('2024-05-25', 2291, 1150, 0, 0, 1, '', '', '1150.00', '7'),
('2024-05-25', 2292, 1150, 0, 0, 1, '', '', '1150.00', '7'),
('2024-05-25', 2293, 1150, 0, 0, 1, '', '', '1150.00', '7'),
('2024-05-25', 2294, 1150, 0, 0, 1, '', '', '1150.00', '7'),
('2024-05-25', 1802, 1500, 0, 0, 0, '', '', '0.00', '7'),
('2024-05-25', 1828, 1640, 0, 0, 1, '', '', '1640.00', '7'),
('2024-05-25', 1825, 1640, 0, 0, 1, '', '', '1640.00', '7'),
('2024-05-25', 1836, 840, 0, 0, 1, '', '', '840.00', '7'),
('2024-05-25', 1837, 920, 0, 0, 3, '', '', '2760.00', '7'),
('2024-05-25', 2295, 63, 0, 0, 20, '', '', '1260.00', '7'),
('2024-05-25', 2296, 63, 0, 0, 20, '', '', '1260.00', '7'),
('2024-05-25', 2297, 830, 0, 0, 1, '', '', '830.00', '7'),
('2024-05-25', 2298, 35, 0, 0, 10, '', '', '350.00', '7'),
('2024-05-25', 2300, 98, 0, 0, 10, '', '', '980.00', '7'),
('2024-05-25', 2301, 240, 0, 0, 1, '', '', '240.00', '7'),
('2024-05-25', 2302, 14, 0, 0, 30, '', '', '420.00', '7'),
('2024-05-25', 2303, 154, 0, 0, 1, '', '', '154.00', '7'),
('2024-05-25', 2304, 100, 0, 0, 5, '', '', '500.00', '7'),
('2024-05-25', 1786, 100, 0, 0, 1, '', '', '100.00', '7'),
('2024-05-25', 2305, 100, 0, 0, 5, '', '', '500.00', '7'),
('2024-05-25', 2306, 100, 0, 0, 5, '', '', '500.00', '7'),
('2024-05-25', 2307, 100, 0, 0, 5, '', '', '500.00', '7'),
('2024-05-25', 2308, 100, 0, 0, 5, '', '', '500.00', '7'),
('2024-05-25', 1823, 600, 0, 0, 1, '', '', '600.00', '7'),
('2024-05-25', 2309, 1280, 0, 0, 1, '', '', '1280.00', '7'),
('2024-05-25', 2310, 1280, 0, 0, 1, '', '', '1280.00', '7'),
('2024-05-25', 2311, 1300, 0, 0, 2, '', '', '2600.00', '7'),
('2024-05-25', 2312, 300, 0, 0, 12, '', '', '3600.00', '7'),
('2024-05-25', 2313, 250, 0, 0, 12, '', '', '3000.00', '7'),
('2024-05-25', 2314, 1216, 0, 0, 1, '', '', '1216.00', '7');

-- --------------------------------------------------------

--
-- Table structure for table `logistics_admin`
--

CREATE TABLE `logistics_admin` (
  `id` int(11) NOT NULL,
  `date` date NOT NULL,
  `description` varchar(255) NOT NULL,
  `amount` float NOT NULL,
  `code` int(11) NOT NULL,
  `location` varchar(255) NOT NULL
) ENGINE=InnoDB DEFAULT CHARSET=utf8mb4 COLLATE=utf8mb4_general_ci;

-- --------------------------------------------------------

--
-- Table structure for table `logistics_branch`
--

CREATE TABLE `logistics_branch` (
  `id` int(11) NOT NULL,
  `date` date NOT NULL,
  `description` varchar(255) NOT NULL,
  `amount` float NOT NULL,
  `code` varchar(255) NOT NULL
) ENGINE=InnoDB DEFAULT CHARSET=utf8mb4 COLLATE=utf8mb4_general_ci;

--
-- Dumping data for table `logistics_branch`
--

INSERT INTO `logistics_branch` (`id`, `date`, `description`, `amount`, `code`) VALUES
(1, '2024-06-18', 'Paint', 200, '2');

-- --------------------------------------------------------

--
-- Table structure for table `mechanic_record`
--

CREATE TABLE `mechanic_record` (
  `mechanic_id` int(11) NOT NULL,
  `mechanic_name` varchar(100) NOT NULL,
  `user_branch_code` int(11) NOT NULL
) ENGINE=InnoDB DEFAULT CHARSET=utf8mb4 COLLATE=utf8mb4_general_ci;

-- --------------------------------------------------------

--
-- Table structure for table `mechanic_services`
--

CREATE TABLE `mechanic_services` (
  `date` date NOT NULL,
  `mechanic_service_id` int(11) NOT NULL,
  `mechanic_id` int(11) NOT NULL,
  `services_id` int(11) NOT NULL,
  `price` float NOT NULL,
  `code` int(11) NOT NULL
) ENGINE=InnoDB DEFAULT CHARSET=utf8mb4 COLLATE=utf8mb4_general_ci;

-- --------------------------------------------------------

--
-- Table structure for table `outflow_selling`
--

CREATE TABLE `outflow_selling` (
  `date` datetime NOT NULL,
  `barcode` int(11) NOT NULL,
  `supplier_price` float NOT NULL,
  `selling_price` float NOT NULL,
  `units_sold` int(11) NOT NULL,
  `total_value_selling` int(11) NOT NULL,
  `total_value_supplier` int(11) NOT NULL,
  `profit` int(11) NOT NULL,
  `discount` int(11) NOT NULL,
  `total_profit` int(11) NOT NULL,
  `code` int(11) NOT NULL
) ENGINE=InnoDB DEFAULT CHARSET=utf8mb4 COLLATE=utf8mb4_general_ci;

-- --------------------------------------------------------

--
-- Table structure for table `outflow_selling_branch`
--

CREATE TABLE `outflow_selling_branch` (
  `date` date NOT NULL,
  `barcode` int(11) NOT NULL,
  `selling_price` float NOT NULL,
  `units_sold` int(11) NOT NULL,
  `supplier_price` float NOT NULL,
  `total_value_selling` int(11) NOT NULL,
  `total_value_supplier` int(11) NOT NULL,
  `profit` int(11) NOT NULL,
  `discount` int(11) NOT NULL,
  `total_profit` int(11) NOT NULL,
  `code` int(11) NOT NULL
) ENGINE=InnoDB DEFAULT CHARSET=utf8mb4 COLLATE=utf8mb4_general_ci;

--
-- Dumping data for table `outflow_selling_branch`
--

INSERT INTO `outflow_selling_branch` (`date`, `barcode`, `selling_price`, `units_sold`, `supplier_price`, `total_value_selling`, `total_value_supplier`, `profit`, `discount`, `total_profit`, `code`) VALUES
('2024-06-21', 1032, 1234, 11, 200, 13574, 2200, 11374, 0, 11374, 2),
('2024-06-12', 1111, 1234, 11, 200, 13574, 2200, 11374, 0, 11374, 4),
('2024-06-20', 1132, 1234, 11, 200, 13574, 2200, 11374, 0, 11374, 7);

-- --------------------------------------------------------

--
-- Table structure for table `products`
--

CREATE TABLE `products` (
  `barcode` int(11) NOT NULL,
  `productname` varchar(100) NOT NULL,
  `description` varchar(255) NOT NULL,
  `model` varchar(255) NOT NULL
) ENGINE=InnoDB DEFAULT CHARSET=utf8mb4 COLLATE=utf8mb4_general_ci;

--
-- Dumping data for table `products`
--

INSERT INTO `products` (`barcode`, `productname`, `description`, `model`) VALUES
(1, '44D BELT', '', ''),
(2, ' 2PH BELT', '', ''),
(3, 'KVY BELT', '', ''),
(4, 'CLICK BELT', '', ''),
(5, 'K44 BELT BEAT CARB', '', ''),
(6, '2DP BELT', '', ''),
(7, '5TL BELT', '', ''),
(8, 'B65 BELT', '', ''),
(9, '2PV HEAD GASKET ', '', ''),
(10, 'MX HEAD GASKET ', '', ''),
(11, '2DP HEAD GASKET', '', ''),
(12, 'INTAKE VALVE', '', ''),
(13, 'EXHAUST VALVE ', '', ''),
(14, 'IDLE GEAR ORIG.', '', ''),
(15, '17812 OIL SEAL', '', ''),
(16, '19814 OIL SEAL', '', ''),
(17, '19800 OIL SEAL', '', ''),
(18, 'CHAIN GUIDE UP', '', ''),
(19, 'CHAIN GUIDE DOWN', '', ''),
(20, 'ROCKER ARM MIO', '', ''),
(21, 'SLIDER PIECE HONDA', '', ''),
(22, 'SLIDER PIECE YAMAHA', '', ''),
(23, 'TD NUT 5TL', '', ''),
(24, 'TD NUT 2DP', '', ''),
(25, 'VALVE SEAL HONDA', '', ''),
(26, 'YAMAHA VALVE SEAL', '', ''),
(27, 'RAIDER 150 OIL FILTER', '', ''),
(28, 'BETAGREY ', '', ''),
(29, 'HORN RELAY', '', ''),
(30, 'DOMINO SWITCH MDL left and right', '', ''),
(31, 'SPORTY CENTER SPRING 1000 RPM', '', ''),
(32, 'SPORTY CENTER SPRING 1500 RPM', '', ''),
(33, 'MIO I 125 CENTER SPRING 1500 RPM', '', ''),
(34, 'NMAX 155 CENTER SPRING 1500 RPM', '', ''),
(35, 'JETTINGS 130', '', ''),
(36, 'DRIVE FACE MIO MTRT', '', ''),
(37, 'BELL CLICK MTRT', '', ''),
(38, 'BELL AEROX/NMAX MTRT', '', ''),
(39, 'CONNECTING ROD MIO 1.5 MTRT', '', ''),
(40, 'RACING FAN MIO MTRT', '', ''),
(41, 'FLY BALL 6G. MIO MTRTX', '', ''),
(42, 'FLY BALL 8G. MIO MTRT', '', ''),
(43, 'NUT 19 MM', '', ''),
(44, 'M8 ', '', ''),
(45, 'M10', '', ''),
(46, 'M12', '', ''),
(47, 'M14', '', ''),
(48, 'M17', '', ''),
(49, 'FLY BALL13G CLICK 125 MTRT', '', ''),
(50, 'SUPER SPEED SHOCK MIO', '', ''),
(51, 'SUPER DRAG RIM', '', ''),
(52, 'STRONG RIM ', '', ''),
(53, 'YAMALUBE GEAR OIL', '', ''),
(54, 'MOTUL OIL 0.8L ', '', ''),
(55, 'MOTUL OIL 1L', '', ''),
(56, 'PIAA HORN', '', ''),
(57, 'MDL MINI DRIVING LIGHT MOKOTO', '', ''),
(58, 'FORK OIL PETRON ', '', ''),
(59, 'TIRE SEALANT KOBY', '', ''),
(60, 'SUPER SPEED OIL 0.8 SCOOTER', '', ''),
(61, 'SUPER SPEED OIL 1L SCOOTER', '', ''),
(62, 'SUPER SPEED OIL 1L UNDERBONE ', '', ''),
(63, 'SUPER SPEED OIL 0.8 UNDERBONE', '', ''),
(64, 'RS8 ECO', '', ''),
(65, 'ELECTRICAL TAPE', '', ''),
(66, 'GRASA KOBY', '', ''),
(67, 'GRASA TOP1 FORMULA', '', ''),
(68, 'BULB', '', ''),
(69, 'SPARK PLUG 2120 D8EA', '', ''),
(70, 'SPARK PLUG 6899 CPR6EA-9 ', '', ''),
(71, 'SPARK PLUG 4629 C7HSA', '', ''),
(72, 'MTRT CAMSHAFT MB710 MIO 125 ST 2', '', ''),
(73, 'CAMSHAFT MB555 NMAX ST 2', '', ''),
(74, 'MTRT CAMSHAFT MB177 RACING MIO ST 2', '', ''),
(75, 'MTRT CAMSHAFT MB178 RACING MIO ST 3', '', ''),
(76, 'MTRT CAMSHAFT MB535 MIO 125 ST 1', '', ''),
(77, 'MTRT VALVE SHIM MB0390 4.5MM', '', ''),
(78, 'MTRT ROCKER ARM MIO MB131 MTRT', '', ''),
(79, 'LIGHTEN VALVES MIO MB0337 1A 20/23MM 5MM', '', ''),
(80, 'RCM GASKET ALLOY 1MM MIO', '', ''),
(81, 'RCM GASKET ALLOY 2MM MIO', '', ''),
(82, 'RCM LIGHTEN GEAR 15/39', '', ''),
(83, 'RCM ROCKER ARM RACING MONKEY MIO', '', ''),
(84, 'RCM LIGHTEN VALVES 19/22 R150 STANDARD', '', ''),
(85, 'RCM LIGHTEN VALVES 20/23 MIO', '', ''),
(86, 'RCM CLUTCH LINING ASSY. LIGHTEN COPPER MIO', '', ''),
(87, 'RCM IDLE GEAR MIO RACING MONKEY ', '', ''),
(88, 'RCM BUNG CENSOR RACING MONKEY', '', ''),
(89, 'RCM RACING OIL PUMP GEAR MIO', '', ''),
(90, 'RCM CRANK SHAFT BEARING 63/22.15*6305 MIO', '', ''),
(91, 'RCM T POST BALL RACE BLUE V2 AEROX', '', ''),
(92, 'RCM T POST BALL RACE LC-150', '', ''),
(93, 'RCM T POST BALL RACE RAIDER 150', '', ''),
(94, 'CLUTCH SPRING MB 0304 1000 RPM MIO MTRT', '', ''),
(95, 'CLUTCH SPRING MB 0305 1500 RPM MIO MTRT', '', ''),
(96, 'VALVE RETAINER MTRT', '', ''),
(97, 'RCM PIN DOWEL ', '', ''),
(98, 'DAYTONA GRIP', '', ''),
(99, 'DOMINO GRIP RED', '', ''),
(100, 'DOMINO GRIP GRAY', '', ''),
(101, 'ARIETE GRIP', '', ''),
(102, 'MSD IGNITION COIL SET', '', ''),
(103, 'CRANK CASE CNC RAIDER FI ', '', ''),
(104, 'CRANK CASE CNC RAIDER CARB', '', ''),
(105, 'BODY YAMAHA BODY BOLTS CNC 5X15', '', ''),
(106, 'CRANK CASE CNC WAVE 125 R/S', '', ''),
(107, 'CRANKCASE HENG CNC MIO 125', '', ''),
(108, 'HENG CNC M6 BOLTS ', '', ''),
(109, 'CNC HEAD NUT', '', ''),
(110, 'RCM ROCKER ARM NMAX', '', ''),
(111, 'RCM HI NUT 8MM UNIVERSAL ', '', ''),
(112, 'RCM CRANK SHAFT OIL SEAL MIO', '', ''),
(113, 'RCM ROCKER ARM WAVE 125', '', ''),
(114, 'FORMULA 1 CALIPER RED/BLACK', '', ''),
(115, 'PS16', '', ''),
(116, 'RCS BREMBO DUAL TANK', '', ''),
(117, 'NGO CALIPER MIO', '', ''),
(118, 'DORAEMON CALIPER W/ BRACKET W125', '', ''),
(119, 'DOMINO LEVER', '', ''),
(120, '62MM BLOCK CB NMAX 155 MTRT', '', ''),
(121, '59MM BLOCK SPORTY METAL MTRT ', '', ''),
(122, '63MM BLOCK CB SPORTY MTRT', '', ''),
(123, 'KEIHIN CARB 24MM', '', ''),
(124, 'KEIHIN CARB 26MM ', '', ''),
(125, 'KEIHIN CARB BARAKO', '', ''),
(126, 'RED SPEED DEGREASER ', '', ''),
(127, 'B65 LINING ', '', ''),
(128, '2PH CONNECTING ROD M3 ', '', ''),
(129, '44D DRIVE FACE', '', ''),
(130, 'OIL FILTER YAMAHA ', '', ''),
(131, '2DP DRIVE FACE ', '', ''),
(132, '5TL DRIVE FACE', '', ''),
(133, '5TL PULLY', '', ''),
(134, '2SX PULLY ', '', ''),
(135, 'CLICK 125 LINING HONDA', '', ''),
(136, 'YAMAHA CENTER SPRING MIO SPORTY', '', ''),
(137, 'MTRT PRIMARY GEAR 16T', '', ''),
(138, 'RCM CLUTCH SPRING MIO I 125 1200RPM', '', ''),
(139, 'RCM CLUTCH SPRING  SPORTY 1000RPM', '', ''),
(140, '24*28 BIG VALVES HEAD WAVE 125', '', ''),
(141, '24*28 BIG VALVES MIO', '', ''),
(142, 'CNC BLOCK 54 SPORTY', '', ''),
(143, 'CNC BLOCK STANDARD SPORTY', '', ''),
(144, 'CNC BLOCK 59 SPORTY', '', ''),
(145, 'CNC BLOCK STANDARD MIO I 125 ', '', ''),
(146, 'CNC BLOCK XRM 110 53', '', ''),
(147, 'CNC BLOCK WAVE 125 57', '', ''),
(148, 'MTK XRM 53 BLOCK', '', ''),
(149, '5TL HEAD MIO STANDARD ', '', ''),
(150, 'CNC 500 CC STARTER SPORTY', '', ''),
(151, 'RS8 R9 OIL 1L ', '', ''),
(152, 'YAMALUBE SCOOTER 0.8L ', '', ''),
(153, 'YAMALUBE SCOOTER 1L', '', ''),
(154, 'VS1 ', '', ''),
(155, 'POWER COOLANT TOP1', '', ''),
(156, 'BARAKO OIL FILTER ', '', ''),
(157, 'BALL RACE YAMAHA', '', ''),
(158, 'BALL RACE WAVE ', '', ''),
(159, 'STARTER RELAY M3', '', ''),
(160, 'YAGUSO RIOS 120', '', ''),
(161, 'YAGUSO RIOS 155', '', ''),
(162, 'YAGUSO RIOS 157', '', ''),
(163, 'RCM CLUTCH SPRING SPORTY 1200RPM', '', ''),
(164, 'YAGUSO RIOS 185', '', ''),
(165, 'YAGUSO RIOS 150', '', ''),
(166, 'L9 M3 CAMSHAFT STANDARD', '', ''),
(167, 'THROTTLE BODY CLEANER BG.', '', ''),
(168, '44K BG.', '', ''),
(169, 'FUSE 15 AMP. ', '', ''),
(170, 'FUSE 10 AMP.', '', ''),
(171, 'BODY SCREW WITH CLIP', '', ''),
(172, 'DOMINO SWITCH LEFT', '', ''),
(173, 'MOKOTO LED HEAD LIGHT TRILED', '', ''),
(174, 'RZ 6305 2RS', '', ''),
(175, 'KOYO 6304 2RS', '', ''),
(176, 'CSL 6304', '', ''),
(177, 'KOYO 6303', '', ''),
(178, 'AST 6303', '', ''),
(179, 'KOYO 6302', '', ''),
(180, 'KOYO 6301', '', ''),
(181, 'RZ 6301', '', ''),
(182, 'RZ 6205', '', ''),
(183, 'KOYO 6205', '', ''),
(184, 'KOYO 6204', '', ''),
(185, 'AST 6204', '', ''),
(186, 'KOYO 6203', '', ''),
(187, 'RZ 6203', '', ''),
(188, 'KOYO 6202', '', ''),
(189, 'RZ 6202', '', ''),
(190, 'KOYO 6201', '', ''),
(191, 'RZ 6200', '', ''),
(192, 'KOYO 6005', '', ''),
(193, 'CSL 6005', '', ''),
(194, 'KOYO 6004', '', ''),
(195, 'RZ 6004', '', ''),
(196, 'KOYO 6003', '', ''),
(197, 'NTN 6200', '', ''),
(198, 'KOYO 6200', '', ''),
(199, 'KOYO 6001', '', ''),
(200, 'KOYO 638', '', ''),
(201, 'KOYO 628', '', ''),
(202, 'YB6.5L-BS XTREME BATTERY', '', ''),
(203, '12N7BL-BS XTREME BATTERY', '', ''),
(204, 'YB3L-BS XTREME BATTERY', '', ''),
(205, 'YB5L-BS XTREME BATTERY', '', ''),
(206, 'YTX4L-BS XTREME BATTERY', '', ''),
(207, 'YTX7L-BS XTREME BATTERY', '', ''),
(208, 'STATOR WAVE 125', '', ''),
(209, 'KITACO RIGHT HANDLE SWITCH', '', ''),
(210, 'MICHELIN 70*90-14', '', ''),
(211, 'MICHELIN 80*80-14', '', ''),
(212, 'BRAKE MASTER SET MIO', '', ''),
(213, 'BRAKE MASTER SET WAVE 125', '', ''),
(214, 'JRP SEAT COVER NMAX ', '', ''),
(215, 'JRP SEAT COVER AEROX', '', ''),
(216, 'JRP SEAT COVER MEDIUM', '', ''),
(217, 'JRP SEAT COVER SMALL', '', ''),
(218, 'FUEL HOSE 10METERS BLACK', '', ''),
(219, 'FUEL HOSE 10METERS WHITE', '', ''),
(220, 'SURE BRAKE FLUID', '', ''),
(221, 'DOMINO HANDLE SWITCH SET MIO STOCK', '', ''),
(222, 'SPARKPLUG CAP L TYPE', '', ''),
(223, '3 HOLES AMORE FAIRINGS ', '', ''),
(224, 'BUTA DISC. WAVE 125', '', ''),
(225, 'APR FLAT SEAT NMAX V1', '', ''),
(226, 'APR FLATSEAT WAVE 125 I', '', ''),
(227, 'ORDINARY SEAT COVER', '', ''),
(228, 'BRAKE PAD WAVE 110', '', ''),
(229, 'BRAKE PAD CB110', '', ''),
(230, 'BRAKE PAD ADV 150 REAR', '', ''),
(231, 'BRAKE PAD RS 100', '', ''),
(232, 'BRAKE PAD ADDRESS', '', ''),
(233, 'BRAKE PAD BEAT ', '', ''),
(234, 'BRAKE PAD WIND 125', '', ''),
(235, 'BRAKE PAD SHOGUN ', '', ''),
(236, 'BRAKE PAD RAIDER 150 FI', '', ''),
(237, 'BRAKE PAD RAIDER 150 ', '', ''),
(238, 'BRAKE PAD CBR 150', '', ''),
(239, 'BRAKE PAD WAVE 125 ', '', ''),
(240, 'BRAKE PAD DASH', '', ''),
(241, 'BRAKE PAD SNIPER 135', '', ''),
(242, 'BRAKE PAD KLX 150', '', ''),
(243, 'BRAKE PAD PCX 150', '', ''),
(244, 'ADJUSTABLE TENSIONER R150', '', ''),
(245, 'ADJUSTABLE TENSIONER MIO', '', ''),
(246, 'ADJUSTABLE TENSIONER W125', '', ''),
(247, 'DUST SEAL HONDA SET', '', ''),
(248, 'FRONT FORK OILSEAL', '', ''),
(249, 'REPAIR KIT YAMAHA ', '', ''),
(250, 'REPAIR KIT HONDA', '', ''),
(251, 'AIR FILTER CLICK', '', ''),
(252, 'AIR FILTER SNIPER 135', '', ''),
(253, 'AIR FILTER SNIPER 150', '', ''),
(254, 'AIR FILTER MIO SOUL', '', ''),
(255, 'AIR FILTER SPORTY', '', ''),
(256, 'AIR FILTER NMAX', '', ''),
(257, 'AIR FILTER SHOGUN ', '', ''),
(258, 'AIR FILTER PCX ', '', ''),
(259, 'AIR FILTER DASH 110', '', ''),
(260, 'AIR FILTER MIO I 125', '', ''),
(261, 'AIR FILTER SUPER VALIANT M3', '', ''),
(262, 'RUDDER TIRE 45*90-17', '', ''),
(263, 'RUDDER TIRE 60*80-17', '', ''),
(264, 'RUDDER TIRE 70*80-17', '', ''),
(265, 'RUDDER TIRE 80*80-17', '', ''),
(266, 'BREMBO 4POT', '', ''),
(267, 'BREMBO 2POT', '', ''),
(268, 'LIGHTEN DISC MIO I 125', '', ''),
(269, 'GY6 125 VALVE', '', ''),
(270, 'BEAT VALVE ', '', ''),
(271, 'SMASH VALVE  ', '', ''),
(272, 'SPORTY VALVE', '', ''),
(273, 'TTGR FLY BALL NMAX 8G.', '', ''),
(274, 'TTGR FLY BALL NMAX 9G.', '', ''),
(275, 'TTGR FLY BALL NMAX 10G.', '', ''),
(276, 'TTGR FLY BALL NMAX 11G.', '', ''),
(277, 'TTGR FLY BALL MIO SPORTY 7G.', '', ''),
(278, 'TTGR FLY BALL MIO SPORTY 9G.', '', ''),
(279, 'RCS BRAKE MASTER', '', ''),
(280, 'LIGHTEN FRONT SHOCK w125', '', ''),
(281, 'TURTLE BACK CALIPER WAVE 125', '', ''),
(282, 'MINI GP CALIPER', '', ''),
(283, 'BRAKE MASTER XRM 110', '', ''),
(284, 'BRAKE MASTER WAVE 125', '', ''),
(285, 'BRAKE MASTER MIO', '', ''),
(286, 'FLASHER RELAY ', '', ''),
(287, 'HORN PIPPIP', '', ''),
(288, '4 PIN CDI', '', ''),
(289, 'ROTATOR ', '', ''),
(290, 'SPEEDOMETER GEAR BOX MIO', '', ''),
(291, 'FUSE BOX', '', ''),
(292, 'SPARKPLUG CAP MIO', '', ''),
(293, 'FUEL FILTER ', '', ''),
(294, 'THROTTLE CABLE XRM LONG ', '', ''),
(295, 'THROTTLE CABLE SHOGUN ', '', ''),
(296, 'THROTTLE RAIDER J 110', '', ''),
(297, 'THROTTLE CABLE XRM 125', '', ''),
(298, 'THROTTLE RS 100', '', ''),
(299, 'THROTTLE CRYPTON', '', ''),
(300, 'THROTTLE BARAKO', '', ''),
(301, 'THROTTLE STX', '', ''),
(302, 'THROTTLE WAVE 100', '', ''),
(303, 'THROTTLE RAIDER 150', '', ''),
(304, 'THROTTLE DREAM 100', '', ''),
(305, 'THROTTLE CABLE MIO SPORTY ', '', ''),
(306, 'RCM CLUTCH SPRING SPORTY 1500RPM', '', ''),
(307, 'RCM CENTER SPRING 1000RPM SPORTY ', '', ''),
(308, 'HEADLIGHT OSRAM YELLOW', '', ''),
(309, 'SINGLE WIRE', '', ''),
(310, 'QR CODE BREMBO', '', ''),
(311, 'RCM CENTER SPRING 1200RPM SPORTY ', '', ''),
(312, 'LHK CAMSHAFT STAGE 1 2 3', '', ''),
(313, 'RCM CENTER SPRING 1500RPM SPORTY', '', ''),
(314, 'APR SEAT COVER RED', '', ''),
(315, 'APR SEAT COVER BLUE ', '', ''),
(316, 'APR SEAT COVER BLACK ', '', ''),
(317, 'KITTI CLUTCH SPRING WAVE 110', '', ''),
(318, 'KEIHIN 28MM CARBURATOR', '', ''),
(319, 'RCM CENTER SPRING 1000RPM NMAX/AEROX', '', ''),
(320, 'VALVES SMASH 115', '', ''),
(321, 'VALVES MIO SOUL I 115 ', '', ''),
(322, 'VALVES SMASH ', '', ''),
(323, 'VALVES BEAT ', '', ''),
(324, 'VALVES GY6 125', '', ''),
(325, 'MIO I 125 / NMAX TTGR FLYBALL 8G', '', ''),
(326, 'MIO I 125 / NMAX TTGR FLYBALL 9G', '', ''),
(327, 'MIO I 125 / NMAX TTGR FLYBALL 10G', '', ''),
(328, 'MIO I 125 / NMAX TTGR FLYBALL 11G', '', ''),
(329, 'MIO SPORTY TTGR FLYBALL  9G', '', ''),
(330, 'CNC MIO I 125 59 BLOCK', '', ''),
(331, 'BREMBO CALIPER AEROX 155', '', ''),
(332, 'FUEL FILTER YAMAHA', '', ''),
(333, 'FUEL FILTER HONDA ', '', ''),
(334, 'RCM CENTER SPRING 1200RPM NMAX/AEROX', '', ''),
(335, 'RCM CENTER SPRING 1500RPM NMAX/AEROX', '', ''),
(336, 'BRACKET CALIPER 2 POT ', '', ''),
(337, 'BRACKET CALIPER 4 POT ', '', ''),
(338, 'EARLS HOSE REAR', '', ''),
(339, 'RCM INJECTOR MIO I 125 130CC', '', ''),
(340, 'HUB AND MILE', '', ''),
(341, 'P16 BRAKE MASTER', '', ''),
(342, 'OEM THROTTLE YAMAHA', '', ''),
(343, 'CNC WAVE 100 BLOCK 54', '', ''),
(344, 'RCM CLUTCH LINING PAD ONLY', '', ''),
(345, 'BREMBO MOUSE CALIPER SNIPER BLACK', '', ''),
(346, 'SUPER SPEED ENGINE SUPPORT MIO +2.5', '', ''),
(347, 'ENGINE VALVES STOCK  W125 L9 ', '', ''),
(348, 'ENGINE VALVES STOCK  TMX  CDI L9', '', ''),
(349, 'ENGINE VALVES STOCK RUSI 150 L9', '', ''),
(350, 'ENGINE VALVES STOCK TMX SUPREMO L9', '', ''),
(351, 'DRAIN PLUG SPORTY L9', '', ''),
(352, 'IDLE GEAR SPORTY L9', '', ''),
(353, 'JRP FLAT SEAT OREO NMAX V2', '', ''),
(354, 'CNC AXLE RAIDER 150 FRONT/REAR', '', ''),
(355, 'CNC AXLE WAVE BACK', '', ''),
(356, 'CNC AXLE MIO', '', ''),
(357, 'CNC AXLE NMAX', '', ''),
(358, 'CNC AXLE AEROX', '', ''),
(359, 'CNC AXLE CLICK', '', ''),
(360, 'CNC FLUID BOLTS', '', ''),
(361, 'VENTILATED DISC ', '', ''),
(362, 'CNC OIL BOLTS YAMAHA', '', ''),
(363, 'CNC GEAR OIL BOLTS', '', ''),
(364, 'CNC BODY SCREW FLAT ', '', ''),
(365, 'CNC AXLE PCX ', '', ''),
(366, 'CNC BANJO BOLTS', '', ''),
(367, 'THAI FLOWER ', '', ''),
(368, 'CAMSHAFT BEAT FI L9', '', ''),
(369, 'CAMSHAFT MIO I125 L9', '', ''),
(370, 'CAMSHAFT NMAX  L9', '', ''),
(371, 'ENGINE VALVES CT100 L9', '', ''),
(372, 'ENGINE VALVES XRM 110 L9 ', '', ''),
(373, 'ENGINE VALVES SPORTY L9', '', ''),
(374, 'MSD CABLE ', '', ''),
(375, 'BREMBO CALIPER MINI GP 4POT', '', ''),
(376, 'SUN BELL MIO I125', '', ''),
(377, 'SUPER SPEED SHOCK WAVE ', '', ''),
(378, 'UNIVERSAL THROTTLE CABLE ', '', ''),
(379, 'RS8 CVT CLEANER', '', ''),
(380, 'WAVE 125 LIGHTEN DISC', '', ''),
(381, 'LIGHTEN DISC MIO', '', ''),
(382, 'FRONT SHOCK SET STD MIO', '', ''),
(383, 'PULLEY SET BEAT FI M POWER', '', ''),
(384, 'SPARKPLUG CAP RAIDER', '', ''),
(385, 'PULLEY SET CLICK', '', ''),
(386, 'PULLEY SET BEAT CARB M POWER', '', ''),
(387, 'RAM AIR PCX ', '', ''),
(388, 'RAM AIR AEROX', '', ''),
(389, 'RAM AIR NMAX', '', ''),
(390, 'RCM SPORTY FLYBALL 6G', '', ''),
(391, 'RCM SPORTY FLYBALL 7G', '', ''),
(392, 'RCM FLYBALL SPORTY 9G', '', ''),
(393, 'RCM FLYBALL MIO I 125 8G', '', ''),
(394, 'RCM FLYBALL MIO I 125 9G', '', ''),
(395, 'RCM FLYBALL CLICK 125 10G', '', ''),
(396, 'PS16 REPAIR KIT', '', ''),
(397, 'CONCAVE WHITE BOLTS', '', ''),
(398, 'RCM FLYBALL CLICK 125 11G ', '', ''),
(399, 'RCM FLYBALL BEAT FI 8G', '', ''),
(400, 'RCM FLYBALL BEAT FI 9G', '', ''),
(401, 'RCM FLYBALL BEAT FI 10G', '', ''),
(402, 'RCM FLYBALL BEAT FI 11G', '', ''),
(403, 'MTRT FLYBALL 8G MIO I 125X', '', ''),
(404, 'MTRT FLYBALL 11G MIO I 125', '', ''),
(405, 'MTRT FLYBALL 13G MIO I 125X', '', ''),
(406, 'MTRT FLYBALL 14G MIO I 125X', '', ''),
(407, 'HYLOS H530 SNIPER 17 (RED/BLACK)', '', ''),
(408, 'HYLOS H530 CLICK 17 (BLUE)', '', ''),
(409, 'SPEEDOMETER CABLE NOUVO MIO3', '', ''),
(410, '81141', '', ''),
(411, '81131', '', ''),
(412, '64308', '', ''),
(413, '80151', '', ''),
(414, 'KOBY STICKER REMOVER', '', ''),
(415, 'F7481-00', '', ''),
(416, '400-N650-01', '', ''),
(417, 'VANZ BOY (SILVER)', '', ''),
(418, 'PULLEY SET RS8 NMAX/AEROX ', '', ''),
(419, 'MTV RAIDER FI 1650', '', ''),
(420, 'MTV MIO FLAT SEAT ', '', ''),
(421, 'CNC DISC BOLTS ', '', ''),
(422, 'APR FLAT SEAT RAIDER CARB BLACK carbon', '', ''),
(423, 'BRAKE MASTER RCS CORSA 10A COPY', '', ''),
(424, 'STARTER RELAY XRM', '', ''),
(425, 'IGNITION COIL', '', ''),
(426, 'MAGIC GATAS', '', ''),
(427, 'SWITS HOSE ', '', ''),
(428, 'TMX 155 CARBURATOR', '', ''),
(429, 'PETRON 4T 200ML', '', ''),
(430, 'PULLEY SET SPORTY RS8', '', ''),
(431, 'BELL CLICK RS8 ', '', ''),
(432, 'BELL MIO I RS8', '', ''),
(433, 'BELL SPORTY RS8', '', ''),
(434, 'BELL NMAX RS8', '', ''),
(435, '50/100 EMD', '', ''),
(436, 'PODIUM WAVE 125', '', ''),
(437, 'PODIUM WAVE 100', '', ''),
(438, 'PODIUM NMAX V2', '', ''),
(439, 'DOMINO QUICK THROTTLE (UNIVERSAL)', '', ''),
(440, 'BRAKE FLUID TANK CAP BRAKE MASTER FLUID', '', ''),
(441, 'AEROX/NMAX MINI DRIVING LIGHT BRACKET ', '', ''),
(442, 'HONDA CLICK LED LIGHT BRACKET FOR MDL     ', '', ''),
(443, 'DOMINO HANDLE SWITCH FOR HONDA CLICK', '', ''),
(444, 'BRAKE CABLE MIO SPORTY', '', ''),
(445, 'APIDO CDI SPORTY', '', ''),
(446, 'PDD S25 MOTORCYCLE TAIL LIGHT', '', ''),
(447, ' MTR HANDLE SWITCH MIO STOCK', '', ''),
(448, 'PDD YAMAKOTO STAINLESS STEEL SPOKE 10*155', '', ''),
(449, 'PDD YAMAKOTO STAINLESS STEEL SPOKE 10*157', '', ''),
(450, 'PDD YAMAKOTO STAINLESS STEEL SPOKE 10*150', '', ''),
(451, 'PDD TIRE VALVE, PITO TUBELESS', '', ''),
(452, 'PDD YAMAKOTO STAINLESS STEEL SPOKE 10*129', '', ''),
(453, 'PDD YAMAKOTO STAINLESS STEEL SPOKE 10*161', '', ''),
(454, 'PDD YAMAKOTO STAINLESS STEEL SPOKE 10*120', '', ''),
(455, 'MP BLOCK W125 54MM (STEEL)', '', ''),
(456, 'MP BLOCK W125 57MM SEMI TYPE (STEEL)', '', ''),
(457, 'MANIFOLD XRM 24MM', '', ''),
(458, 'BEAST TIRE 60X80X14 4PR FLASH P6240 TL', '', ''),
(459, 'BEAST TIRE 70X80X14 4PR FLASH P6240 TL', '', ''),
(460, 'BEAST TIRE 80X80X14 4PR FLASH P6240 TL', '', ''),
(461, 'BEAST TIRE 60X80X17 4PR FLASH P6240 TL', '', ''),
(462, 'BEAST TIRE 70X80X17 4PR FLASH P6240 TL', '', ''),
(463, 'BEAST TIRE 80X80X17 4PR FLASH P6240 TL', '', ''),
(464, 'BWIN PULLEY SET BEAT FI', '', ''),
(465, 'BWIN PULLEY SET CLICK 125 V2 NEW', '', ''),
(466, 'BWIN PULLEY SET M3 V2 NEW', '', ''),
(467, 'BWIN PULLEY SET NMAX V2 NEW', '', ''),
(468, 'BWIN PULLEY SET MIO', '', ''),
(469, 'BWIN CLUTCH BELL MIO', '', ''),
(470, 'BWIN CLUTCH BELL CLICK 125', '', ''),
(471, 'BWIN CLUTCH BELL NMAX', '', ''),
(472, 'BWIN CLUTCH BELL M3', '', ''),
(473, 'BWIN CLUTCH BELL BEAT FI', '', ''),
(474, 'SAIYAN RIM BROKEN 1.2/1.4X17 VIOLET', '', ''),
(475, 'SAIYAN RIM BROKEN 1.2/1.4X17 BROWN', '', ''),
(476, 'SAIYAN RIM BROKEN 1.2/1.4X17 PINK', '', ''),
(477, 'SAIYAN RIM BROKEN 1.2/1.4X17 GREEN', '', ''),
(478, 'SAIYAN RIM BROKEN 1.2/1.4X17 RED', '', ''),
(479, 'SAIYAN RIM BROKEN 1.2/1.4X17 LIME GREEN', '', ''),
(480, 'SAIYAN RIM BROKEN 1.2/1.4X17 ORANGE', '', ''),
(481, 'SAIYAN RIM BROKEN 1.2/1.4X17 GOLD', '', ''),
(482, 'BIG VALVE HEAD DASH 27/23MM MTRT', '', ''),
(483, 'THROTTLE BODY MIO 125 30MM MTRT', '', ''),
(484, 'THROTTLE BODY MIO 125 32MM MTRT', '', ''),
(485, 'MTRT FLY BALL MIO 6G', '', ''),
(486, 'MTRT FLY BALL MIO 8G', '', ''),
(487, 'MTRT FLY BALL MIOi 125 8G', '', ''),
(488, 'MTRT FLY BALL MIOi 125 11G', '', ''),
(489, 'MTRT FLY BALL MIOi 125 12G', '', ''),
(490, 'MTRT FLY BALL MIOi 125 14G', '', ''),
(491, 'CLUTCH CONVERTION KIT WAVE 100', '', ''),
(492, 'MTRT FLY BALL ZOOMER 8G', '', ''),
(493, 'MTRT FLY BALL ZOOMER 9G', '', ''),
(494, 'THROTTLE BODY NMAX 155 32MM MTRT', '', ''),
(495, 'THROTTLE BODY NMAX 155 34MM MTRT', '', ''),
(496, 'INJECTOR 6HOLES MIO 125 130CC MTRT', '', ''),
(497, 'MTRT TPS M3/MIO 125', '', ''),
(498, 'THROTTLE BODY AEROX 155 34MM', '', ''),
(499, 'PIPE CLICK11501 (SP)', '', ''),
(500, 'PIPE EVO-SP1 MIO', '', ''),
(501, 'MTRT TPS AEROX', '', ''),
(502, 'MTRT TPS NMAX 155', '', ''),
(503, 'MTRT TPS MXKING ', '', ''),
(504, 'FAN AEROX 155 YELLOW', '', ''),
(505, 'CLUTCH BELL AEROX 155 V2', '', ''),
(506, 'CLUTCH BELL MIO V2', '', ''),
(507, 'PULLEY SET MIO V2', '', ''),
(508, 'PULLEY SET V2 FOR NMAX 155', '', ''),
(509, 'CYLIN. HEAD NMAX 155 19/22MM', '', ''),
(510, 'DOWELL MIO', '', ''),
(511, 'NEEDLE BEARING MIO BLACK ', '', ''),
(512, 'NEEDLE BEARING MXKING', '', ''),
(513, 'CYLIN. HEAD AEROX 155 19/22MM', '', ''),
(514, 'REPAIR KIT CLICK', '', ''),
(515, 'QR CODES', '', ''),
(516, 'NMAX V2 SIDE POCKET', '', ''),
(517, 'PS16 RIGHT ', '', ''),
(518, 'PETRON FORK OIL ', '', ''),
(519, 'HERO HELMET HOOK GOLD', '', ''),
(520, 'T15 PARK LIGHT', '', ''),
(521, 'CAMSHAFT LHK W100', '', ''),
(522, 'BRT RACING CDI SPORTY', '', ''),
(523, 'BEAST TIRE 130X70X13', '', ''),
(524, 'INTERIOR ', '', ''),
(525, 'SLIDER YAMAHA SETS', '', ''),
(526, 'SLIDER HONDA click', '', ''),
(527, 'SPEED SENSOR HONDA BEAT ', '', ''),
(528, 'M3 REGULATOR', '', ''),
(529, 'CKP SENSOR AEROX', '', ''),
(530, 'DIAPHRAM SPORTY', '', ''),
(531, 'MAKOTO BRAKE SHOE BEAT', '', ''),
(532, 'DOMINO SWITCH AEROX LEFT RIGHT', '', ''),
(533, 'HAVOLIN RED UNDERBONE', '', ''),
(534, 'HAVOLIN YELLOW SCOOTER', '', ''),
(535, 'DELO GOLD', '', ''),
(536, 'TPS SENSOR BEAT FI', '', ''),
(537, 'ROCKER ARM MIO ROLLER', '', ''),
(538, 'CKP SENSOR BEAT FI', '', ''),
(539, 'PUSH PIN RIVETS', '', ''),
(540, 'HACHI BRAKESHOE TMX SUPREMO/BEAT', '', ''),
(541, 'HACHI C100/DREAM 34T CHAINSET', '', ''),
(542, 'HACHI  SMASH 36T CHAIN SET', '', ''),
(543, 'HACHI RAIDER 150 OLD CHAINSET', '', ''),
(544, 'HACHI BRAKESHOE TMX RR', '', ''),
(545, 'HACHI BRAKESHOE B120/B1LP/HD3 RR', '', ''),
(546, 'HACHI BRAKESHOE CT100', '', ''),
(547, 'HACHI BRAKESHOE TMX FR', '', ''),
(548, 'HACHI CHAIN SET RAIDER 150 NEW', '', ''),
(549, 'HACHI BRAKESHOE BARAKO', '', ''),
(550, 'HACHI BRAKESHOE MIO ', '', ''),
(551, ' JRP RUBBERIZED SEAT COVER MEDIUM', '', ''),
(552, 'JRP RUBBERIZED SEAT COVER NMAX ', '', ''),
(553, 'JRP RUBBERIZED SEAT COVER AEROX ', '', ''),
(554, 'JRP RUBBERIZED SEAT COVER SMALL', '', ''),
(555, 'OHLINS SHOCK 300MM', '', ''),
(556, 'KYB PREMIUM SHOCK BLACK 318MM', '', ''),
(557, 'KYB PREMIUM SHOCK WHITE 318MM', '', ''),
(558, 'KYB PREMIUM SHOCK YELLOW 318MM', '', ''),
(559, 'POWER TIRE 90/90', '', ''),
(560, 'SHELL OIL/GEAR OIL', '', ''),
(561, 'DLH DRIVE FACE', '', ''),
(562, 'PLATINUM XRACE 800ML', '', ''),
(563, 'SPEED SAE 4T', '', ''),
(564, 'DURO 2T', '', ''),
(565, 'BALL RACE RAIDER 150', '', ''),
(566, 'BRAKE SHOE CLICK', '', ''),
(567, 'EARLS HOSE FRONT', '', ''),
(568, 'APR SEAT COVER MAY TAHI CLICK NMAX', '', ''),
(569, 'APR SEAT COVER MAY TAHI SMALL SNIPER ', '', ''),
(570, 'APR SEAT MAY TAHI MEDIUM', '', ''),
(571, 'WD 40 333ML', '', ''),
(572, 'SHELL OIL BLUE 1L', '', ''),
(573, 'FLAT BAR ', '', ''),
(574, 'TIMING CHAIN COVER ORING MIO SPORTY', '', ''),
(575, 'BRAKE LIGHT SWITCH MIO RIGHT', '', ''),
(576, 'BRAKE LIGHT SWITCH MIO LEFT', '', ''),
(577, 'TAPPET SCREW ', '', ''),
(578, 'EXHAUST GASKET MIO', '', ''),
(579, 'WIRE BLACK RED', '', ''),
(580, 'CAMSHAFT BEARING MIO SPORTY', '', ''),
(581, 'CAMSHAFT BEARING BEAT FI CARB', '', ''),
(582, 'CAMSHAFT BEARING W125 W100', '', ''),
(583, 'CAMSHAFT BEARING NMAX AEROX', '', ''),
(584, 'CLUTCH LINING BEAT FI', '', ''),
(585, 'MAGNETO COIL MIO ', '', ''),
(586, 'REGULATOR MIO STD', '', ''),
(587, 'STARTER BEAD XRM', '', ''),
(588, 'STARTER BEAD MIO ', '', ''),
(589, 'TORQUE DRIVE MIO SPORTY', '', ''),
(590, 'PULLY SET MIO SPORTY L9', '', ''),
(591, 'MAGNETO COILS ', '', ''),
(592, 'L9 MANIFOLD MIO SPORTY', '', ''),
(593, 'CLUTCH LINING GY6125', '', ''),
(594, 'CLUTCH LINING SKYDRIVE', '', ''),
(595, ' CAMSHAFT MIO L9', '', ''),
(596, 'CLUTCH LINING MIO SPORTY', '', ''),
(597, 'CAMSHAFT BEARING M3', '', ''),
(598, 'V1 LIGHTEN DISC RAIDER150', '', ''),
(599, ' INTERRUPTOR RELAY', '', ''),
(600, 'LIGHTEN FRONT SHOCK MIO ', '', ''),
(601, 'DOMINO LEVER ORDINARY', '', ''),
(602, 'HYLOS CLICK 17S', '', ''),
(603, 'WAVE125 TENSIONER', '', ''),
(604, 'MIO TENSIONER', '', ''),
(605, 'WAVE125 TAPPET COVER', '', ''),
(606, 'WAVE100 TAPPET COVER', '', ''),
(607, 'MIO TAPPET COVER', '', ''),
(608, 'MHR CLICK CENTER SPRING 1500RPM', '', ''),
(609, 'MHR BEAT FI CENTER SPRING 1000RPM', '', ''),
(610, 'MHR NMAX/AEROX CENTER SPRING 1500RPM', '', ''),
(611, 'MHR CLICK CENTER SPRING 1000RPM', '', ''),
(612, 'MHR BEAT FI CENTER SPRING 1500RPM', '', ''),
(613, 'MHR MIO M3 CENTER SPRING 1500RPM', '', ''),
(614, 'MHR NMAX/AEROX CENTER SPRING 1000RPM', '', ''),
(615, 'MHR NMAX/AEROX CENTER SPRING 1200RPM', '', ''),
(616, 'MHR MIO M3 CENTER SPRING 1200RPM', '', ''),
(617, 'MHR CLICK 125 YELLOW 1200RPM', '', ''),
(618, 'MHR MIO M3 CENTER SPRING 1000RPM', '', ''),
(619, 'SPYDER FRONT SHOCK XRM', '', ''),
(620, 'AEROX GENUINE', '', ''),
(621, 'M3 GENUINE', '', ''),
(622, 'YAMAHA 54P INJECTOR TUBE ', '', ''),
(623, 'DS4 R CLICK BLACK', '', ''),
(624, 'DS4 R NMAX V1 BLACK', '', ''),
(625, 'DS4 R AEROX V1 CLEAR', '', ''),
(626, 'DS4 AEROX V2 BLACK', '', ''),
(627, 'DS4 R CLICK CLEAR', '', ''),
(628, 'DS4 R AEROX V1 BLACK', '', ''),
(629, 'DS4 R NMAX V1 CLEAR', '', ''),
(630, 'DS4 R NMAX V2 BLACK ', '', ''),
(631, 'DS4 R NMAX V2 CLEAR', '', ''),
(632, 'DS4 R AEROX V2 CLEAR', '', ''),
(633, 'SENSOR ASSY OIL TEMPERATURE BEAT FI HONDA', '', ''),
(634, 'OIL SEAL CLICK 125 150 HONDA LEFT CRANKCASE KWN 901', '', ''),
(635, 'OIL SEAL PULLEY SIDE MIO I 125 54PI', '', ''),
(636, 'AIR FILTER YAMAHA MIO GEAR GRAVIS 125', '', ''),
(637, 'DIO THROTTLE CABLE ', '', ''),
(638, 'STARTER RELAY CLICK ', '', ''),
(639, 'STARTER RELAY BEAT FI', '', ''),
(640, 'HAZZARD SWITCH', '', ''),
(641, 'HORN SWITCH ORDINARY', '', ''),
(642, 'STARTER SWITCH ORDINARY', '', ''),
(643, 'BRAKE PAD MIO I 125', '', ''),
(644, 'BREMBO CLUTCH LEVER LEFT ONLY', '', ''),
(645, 'CARB PISTON KIT 24MM', '', ''),
(646, 'CARB PISTON KIT 26MM', '', ''),
(647, 'CARB PISTON KIT 28MM', '', ''),
(648, 'FLOATING DISC 4 HOLES 200MM MIO GOLD SILVER', '', ''),
(649, 'T15 DC ICE BLUE', '', ''),
(650, 'T15 DC BLUE', '', ''),
(651, 'T15 DC RED', '', ''),
(652, 'T15 DC WHITE', '', ''),
(653, 'CNC AXLE WAVE FRONT', '', ''),
(654, 'NMAX AEROX MDL BRACKET ONLY', '', ''),
(655, 'FRONT SHOCK OIL SEAL XRM', '', ''),
(656, 'BOSNY SPRAY PAINT', '', ''),
(657, 'RP BRAKE SHOE', '', ''),
(658, 'YAMAKOTO BRAKE SHOE MIO', '', ''),
(659, 'DUAL CONTACT ', '', ''),
(660, 'BREMBO DISC GOLD SILVER 200MM', '', ''),
(661, 'SAIYAN ROCKER ARM M3', '', ''),
(662, 'SAIYAN CDI TMX ALPHA', '', ''),
(663, 'SAIYAN CDI BARAKO', '', ''),
(664, 'SAIYAN CDI WAVE125 OLD', '', ''),
(665, 'SAIYAN CDI MIO SOULTY', '', ''),
(666, 'SAIYAN CDI WAVE125 ALPHA', '', ''),
(667, 'SAIYAN CDI TMX155', '', ''),
(668, 'SAIYAN COLORED CHAIN 428 130', '', ''),
(669, 'SAIYAN CLUTCH LINING CB125', '', ''),
(670, 'SAIYAN CLUTCH LINING CT100', '', ''),
(671, 'SAIYAN CLUTCH LINING FZ16', '', ''),
(672, 'SAIYAN CLUTCH LINING ROUSER135', '', ''),
(673, 'SAIYAN CLUTCH LINING RUSI/TC150', '', ''),
(674, 'SAIYAN CLUTCH LINING SMASH', '', ''),
(675, 'SAIYAN CLUTCH LINING TMX', '', ''),
(676, 'SAIYAN CLUTCH LINING WAVE125', '', ''),
(677, 'SAIYAN CLUTCH LINING RAIDER150', '', ''),
(678, 'SAIYAN CLUTCH LINING BARAKO', '', ''),
(679, 'SAIYAN CLUTCH LINING HD3', '', ''),
(680, 'SAIYAN CLUTCH LINING CT150', '', ''),
(681, 'SAIYAN CLUTCH LINING XRM110', '', ''),
(682, 'SAIYAN REGULATOR GY6 5WIRES', '', ''),
(683, 'SAIYAN REGULATOR M3', '', ''),
(684, 'SAIYAN REGULATOR TMX SUPREMO', '', ''),
(685, 'SAIYAN REGULATOR WAVE125', '', ''),
(686, 'SAIYAN REGULATOR TMX ALPHA', '', ''),
(687, 'SAIYAN ANTI THEFT SWITCH SET MIO SPORTY', '', ''),
(688, 'SAIYAN ANTI THEFT SWITCH SET RAIDER CARB', '', ''),
(689, 'SAIYAN ANTI THEFT SWITCH SET SMASH110', '', ''),
(690, 'SAIYAN ANTI THEFT SWITCH SET SMASH115 (DISC)', '', ''),
(691, 'SAIYAN ANTI THEFT SWITCH SET BEAT', '', ''),
(692, 'SAIYAN STARTER RELAY RAIDER150', '', ''),
(693, 'SAIYAN STARTER RELAY TMX', '', ''),
(694, 'SAIYAN MAIN SWITCH WAVE125', '', ''),
(695, 'SAIYAN MAIN SWITCH SMASH', '', ''),
(696, 'SAIYAN MAIN SWITCH CT100', '', ''),
(697, 'SAIYAN MAIN SWITCH HD3', '', ''),
(698, 'SAIYAN MAIN SWITCH MIO SPORTY/MIO OLD', '', ''),
(699, 'SAIYAN MAIN SWITCH TMX SUPREMO', '', ''),
(700, 'SAIYAN MAIN SWITCH C100/DREAM', '', ''),
(701, 'SAIYAN MAIN SWITCH SNIPER135', '', ''),
(702, 'SAIYAN MAIN SWITCH CT150 BOXER', '', ''),
(703, 'SAIYAN MAIN SWITCH TMX155', '', ''),
(704, 'SAIYAN MINI DRIVING LIGHT SS3', '', ''),
(705, 'SAIYAN MINI DRIVING LIGHT SS4', '', ''),
(706, 'SAIYAN FRONT SHOCK ASSY BARAKO', '', ''),
(707, 'SAIYAN FRONT SHOCK ASSY XRM 125', '', ''),
(708, 'SAIYAN CHAINSET XRM 14 34 110L', '', ''),
(709, 'SAIYAN CHAINSET SMASH 14 36 110L', '', ''),
(710, 'SAIYAN CHAINSET BARAKO 14 45 120L', '', ''),
(711, 'SAIYAN CHAINSET TMX 14 36 110L', '', ''),
(712, 'SAIYAN CHAINSET C100 14 34 110L', '', ''),
(713, 'SAIYAN CHAIN GUIDE MIO', '', ''),
(714, 'SAIYAN CHAIN GUIDE RAIDER150', '', ''),
(715, 'SAIYAN CHAIN GUIDE WAVE125', '', ''),
(716, 'SAIYAN BRAKE SHOE TMX125 ALPHA', '', ''),
(717, 'SAIYAN BRAKE SHOE TMX155 REAR', '', ''),
(718, 'SAIYAN BRAKE SHOE BARAKO REAR', '', ''),
(719, 'SAIYAN BRAKE SHOE SKYDRIVE', '', ''),
(720, 'SAIYAN BRAKE PAD RAIDER150 FRONT', '', ''),
(721, 'SAIYAN BRAKE PAD RAIDER150 REAR', '', ''),
(722, 'SAIYAN BRAKE PAD MIO', '', ''),
(723, 'SAIYAN BRAKE PAD M3', '', ''),
(724, 'SAIYAN BRAKE PAD WAVE125', '', ''),
(725, 'SAIYAN BRAKE PAD PCX160/ADV150 REAR', '', ''),
(726, 'SAIYAN BRAKE PAD PCX160/ADV150 FRONT', '', ''),
(727, 'SAIYAN BRAKE PAD CLICK125', '', ''),
(728, 'SAIYAN BRAKE PAD WAVE110', '', ''),
(729, 'SAIYAN BRAKE PAD TRINITY', '', ''),
(730, 'SAIYAN BRAKE PAD BEAT NEW', '', ''),
(731, 'SAIYAN FUEL FILTER CLICK150', '', ''),
(732, 'SAIYAN FUEL FILTER AEROX', '', ''),
(733, 'SAIYAN FUEL FILTER RAIDER150 FI', '', ''),
(734, 'SAIYAN TORQUE DRIVE BEAT SCOOPY', '', ''),
(735, 'SAIYAN TORQUE DRIVE MIO I 125/MIO SOUL I 125', '', ''),
(736, 'SAIYAN TORQUE DRIVE MIO SOUL I 115', '', ''),
(737, 'SAIYAN TORQUE DRIVE GY6', '', ''),
(738, 'SAIYAN TORQUE DRIVE NMAX', '', ''),
(739, 'SAIYAN TORQUE DRIVE PCX2020 (K97)', '', ''),
(740, 'SAIYAN CLUTCH SHOE ASSY BEAT SCOOPY', '', ''),
(741, 'SAIYAN CLUTCH SHOE ASSY CLICK125', '', ''),
(742, 'SAIYAN CLUTCH SHOE ASSY CLICK150', '', ''),
(743, 'SAIYAN CLUTCH SHOE ASSY MIO I 125/MIO SOUL I 125', '', ''),
(744, 'SAIYAN CLUTCH SHOE ASSY MIO SOUL I 115', '', ''),
(745, 'SAIYAN CLUTCH SHOE ASSY ZOOMER-X/BEAT FI', '', ''),
(746, 'SAIYAN CLUTCH SHOE ASSY GY6', '', ''),
(747, 'SAIYAN CLUTCH SHOE ASSY PCX2020 (K97)', '', ''),
(748, 'SAIYAN CLUTCH SHOE W/ CLUTCH SPRING BEAT SCOOPY', '', ''),
(749, 'SAIYAN CLUTCH SHOE W/ CLUTCH SPRING PCX2020 (K97)', '', ''),
(750, 'SAIYAN CLUTCH SHOE W/ CLUTCH SPRING SKYDRIVE', '', ''),
(751, 'SAIYAN CLUTCH SHOE W/ CLUTCH SPRING MIO SOUL I 115', '', ''),
(752, 'SAIYAN CLUTCH SHOE W/ CLUTCH SPRING GY6', '', ''),
(753, 'SAIYAN CLUTCH SHOE W/ CLUTCH SPRING NMAX', '', ''),
(754, 'SAIYAN CLUTCH SHOE W/ CLUTCH SPRING CLICK150', '', ''),
(755, 'SAIYAN CLUTCH SHOE W/ CLUTCH SPRING MIO I 125/MIO SOUL I 125', '', ''),
(756, 'SAIYAN PULLEY SET ASSY W/ DRIVE FACE MIO I 125/MIO SOUL I 125', '', ''),
(757, 'SAIYAN PULLEY SET ASSY W/ DRIVE FACE SKYDRIVE', '', ''),
(758, 'SAIYAN PULLEY SET ASSY W/ DRIVE FACE ZOOMER-X/BEAT FI', '', ''),
(759, 'SAIYAN PULLEY SET W/ PIN (NO DRIVE FACE) MIO', '', ''),
(760, 'SAIYAN PULLEY SET W/ PIN (NO DRIVE FACE) CLICK125', '', ''),
(761, 'SAIYAN PULLEY SET W/ PIN (NO DRIVE FACE) CLICK150', '', ''),
(762, 'SAIYAN PULLEY SET W/ PIN (NO DRIVE FACE) MIO I 125/MIO SOUL I 125', '', ''),
(763, 'SAIYAN PULLEY SLIDER PIECE GY6', '', ''),
(764, 'K36 BELT CLICK', '', ''),
(765, 'K44 BELT BEAT FI', '', ''),
(766, 'GY6 125 BELT ', '', ''),
(767, 'NATHONG SEAT MIO 125', '', ''),
(768, 'BREMBO RIGHT TANK ', '', ''),
(769, 'RS8 PULLEY SET SPORTY', '', ''),
(770, 'RS8 CLUTCH LINING SPORTY ', '', ''),
(771, 'SUPER SPEED ENGINE SUPPORT', '', ''),
(772, 'SAIYAN BEARING 6300', '', ''),
(773, 'SAIYAN SPOKES 10GX162', '', ''),
(774, 'MIO LOGO EMBLEM', '', ''),
(775, 'NMAX LOGO SET EMBLEM', '', ''),
(776, 'BREMBO MOUSE 4POT', '', ''),
(777, 'COCKROACH 4POT', '', ''),
(778, 'PRC COLORED CHAIN', '', ''),
(779, 'JRP HANDLE GRIP', '', ''),
(780, 'VOLT METER', '', ''),
(781, 'CLICK LEVER SET', '', ''),
(782, 'SUPER SPEED GEAR OIL', '', ''),
(783, 'BRAKE PAD CLICK RZ', '', ''),
(784, 'BRAKE PAD BEAT RZ', '', ''),
(785, 'BANTALAN BOLA KVB-900', '', ''),
(786, 'PIPE BRACKET ', '', ''),
(787, 'ZENO FLAT SEAT CLICK', '', ''),
(788, 'ZENO FLAT SEAT MIO SOULTY', '', ''),
(789, 'ZENO FLAT SEAT AEROX', '', ''),
(790, 'ZENO FLAT SEAT RAIDER', '', ''),
(791, 'ZENO FLAT SEAT PCX', '', ''),
(792, 'ZION FORK OIL', '', ''),
(793, 'BRONZEBREMBO CALIPER 2POT', '', ''),
(794, 'WAVE125 LIGHTEN FRONT SHOCK', '', ''),
(795, 'SPEEDOMETER SENSOR BEAT FI', '', ''),
(796, 'BLUE CORE', '', ''),
(797, 'BENDIX MIO L9', '', ''),
(798, 'MTRT DIO/BEAT FLYBALL 6GRAMS', '', ''),
(799, 'MTRT DIO/BEAT FLYBALL 7GRAMS', '', ''),
(800, 'MTRT DIO/BEAT FLYBALL 8GRAMS', '', ''),
(801, 'MTRT DIO/BEAT FLYBALL 9GRAMS', '', ''),
(802, 'MTRT DIO/BEAT FLYBALL 10GRAMS', '', ''),
(803, 'MTRT DIO/BEAT FLYBALL 11GRAMS', '', ''),
(804, 'MTRT DIO/BEAT FLYBALL 12GRAMS', '', ''),
(805, 'MTRT DIO/BEAT FLYBALL 13GRAMS', '', ''),
(806, 'MTRT GY6/BEAT FI FLYBALL 8GRAMS', '', ''),
(807, 'MTRT GY6/BEAT FI FLYBALL 10GRAMS', '', ''),
(808, 'MTRT GY6/BEAT FI FLYBALL 11GRAMS', '', ''),
(809, 'MTRT GY6/BEAT FI FLYBALL 12GRAMS', '', ''),
(810, 'MTRT GY6/BEAT FI FLYBALL 13GRAMS', '', ''),
(811, 'MTRT GY6/BEAT FI FLYBALL 14GRAMS', '', ''),
(812, 'MTRT GY6/BEAT FI FLYBALL 15GRAMS', '', ''),
(813, 'MTRT MIO/SOULI115/NOUVO FLYBALL 6GRAMS', '', ''),
(814, 'MTRT MIO/SOULI115/NOUVO FLYBALL 6.5GRAMS', '', ''),
(815, 'MTRT MIO/SOULI115/NOUVO FLYBALL 7GRAMS', '', ''),
(816, 'MTRT MIO/SOULI115/NOUVO FLYBALL 7.5GRAMS', '', ''),
(817, 'MTRT MIO/SOULI115/NOUVO FLYBALL 8.5GRAMS', '', ''),
(818, 'MTRT MIO/SOULI115/NOUVO FLYBALL 9.5GRAMS', '', ''),
(819, 'MTRT MIO/SOULI115/NOUVO FLYBALL 10GRAMS', '', ''),
(820, 'MTRT MIO/SOULI115/NOUVO FLYBALL 11GRAMS', '', ''),
(821, 'MTRT MIO/SOULI115/NOUVO FLYBALL 12GRAMS', '', ''),
(822, 'MTRT NMAX/AEROX/MIO125 FLYBALL 7GRAMS', '', ''),
(823, 'MTRT NMAX/AEROX/MIO125 FLYBALL 8GRAMS', '', ''),
(824, 'MTRT NMAX/AEROX/MIO125 FLYBALL 9GRAMS', '', ''),
(825, 'MTRT NMAX/AEROX/MIO125 FLYBALL 9.5GRAMS', '', ''),
(826, 'MTRT NMAX/AEROX/MIO125 FLYBALL 10GRAMS', '', ''),
(827, 'MTRT NMAX/AEROX/MIO125 FLYBALL 10.5GRAMS', '', ''),
(828, 'MTRT NMAX/AEROX/MIO125 FLYBALL 12GRAMS', '', ''),
(829, 'MTRT NMAX/AEROX/MIO125 FLYBALL 13GRAMS', '', ''),
(830, 'MTRT NMAX/AEROX/MIO125 FLYBALL 14GRAMS', '', ''),
(831, 'MTRT NMAX/AEROX/MIO125 FLYBALL 15GRAMS', '', ''),
(832, 'MTRT ADV150/PCX FLYBALL 17GRAMS', '', ''),
(833, 'MTRT ADV150/PCX FLYBALL 18GRAMS', '', ''),
(834, 'MTRT ADV150/PCX FLYBALL 19GRAMS', '', ''),
(835, 'MTRT CLICK125/DINK/SKYDRIVE FLYBALL 7GRAMS', '', ''),
(836, 'MTRT CLICK125/DINK/SKYDRIVE FLYBALL 9GRAMS', '', ''),
(837, 'MTRT CLICK125/DINK/SKYDRIVE FLYBALL 10GRAMS', '', ''),
(838, 'MTRT CLICK125/DINK/SKYDRIVE FLYBALL 11GRAMS', '', ''),
(839, 'MTRT CLICK125/DINK/SKYDRIVE FLYBALL 12GRAMS', '', ''),
(840, 'MTRT CLICK125/DINK/SKYDRIVE FLYBALL 14GRAMS', '', ''),
(841, 'MTRT CLICK125/DINK/SKYDRIVE FLYBALL 15GRAMS', '', ''),
(842, 'MTRT CLICK125/DINK/SKYDRIVE FLYBALL 16GRAMS', '', ''),
(843, 'MTRT XMAX300 FLYBALL 14GRAMS', '', ''),
(844, 'MTRT XMAX300 FLYBALL 15GRAMS', '', ''),
(845, 'MTRT XMAX300 FLYBALL 16GRAMS', '', ''),
(846, 'MTRT XMAX300 FLYBALL 17GRAMS', '', ''),
(847, 'MTRT XMAX300 FLYBALL 18GRAMS', '', ''),
(848, 'CELLPHONE HOLDER', '', ''),
(849, 'BRAKE LEVER DOMINO MIO BLACK', '', ''),
(850, 'BRAKE LEVER DOMINO MIO CARBON', '', ''),
(851, 'BRAKE LEVER DOMINO MIO GOLD', '', ''),
(852, 'SIDE MIRROR ', '', ''),
(853, 'HMA SIDE MIRROR', '', ''),
(854, 'XRM/WAVE LEVER DOMINO', '', ''),
(855, 'HONEY WELL SWITCH', '', ''),
(856, 'KOYO 6300', '', ''),
(857, '5 WIRE FULLWAVE', '', ''),
(858, 'DAYWAY YTX4L-BS', '', ''),
(859, 'CARBON BRUSH ', '', ''),
(860, 'PUSH BUTTON SWITCH', '', ''),
(861, 'JRP GRIP BLACK', '', ''),
(862, 'SAIYAN BEARING 6303', '', ''),
(863, 'SAIYAN BEARING 6204', '', ''),
(864, 'SAIYAN BEARING 6201', '', ''),
(865, 'SAIYAN BEARING 6301', '', ''),
(866, 'YAGUSO RIOS 162', '', ''),
(867, 'THROTTLE CABLE BARAKO', '', ''),
(868, 'CLUTCH CABLE SHOGUN', '', ''),
(869, 'CLUTCH CABLE RAIDER 125', '', ''),
(870, 'CLUTCH CABLE BARAKO', '', ''),
(871, 'ZENO POWER PIPE WAVE125', '', ''),
(872, 'ZENO POWER PIPE BEAT', '', ''),
(873, 'ZENO POWER PIPE NMAX V2', '', ''),
(874, 'ZENO POWER PIPE CLICK', '', ''),
(875, 'TDD LED LIGHT', '', ''),
(876, 'SAIYAN THROTTLE CABLE WAVE 100 ', '', ''),
(877, 'GY6 BELT', '', ''),
(878, 'DOMINO HANDLE SWITCH ASSY SET MIO125/AEROX', '', ''),
(879, 'BAR END ', '', ''),
(880, 'SC SIAM V.1 GEARS CNC 6/20', '', ''),
(881, 'DOMINIO CABLE UNIVERSAL', '', ''),
(882, 'SPEEDOMETER PLATE NMAX/AEROX', '', ''),
(883, 'DUAL CONTACT YELLOW/WHITE', '', ''),
(884, 'SAIYAN HORN RELAY 4PIN NO SOCKET', '', ''),
(885, 'SAIYAN FLASHER RELAY ', '', ''),
(886, 'OD 4L BATTERY', '', ''),
(887, 'MIO AMORE FAIRINGS', '', ''),
(888, 'MIO 1 HEAD LIGHT / WINKER L/R', '', ''),
(889, 'BEAST TIRE 90X90X17 4PR FLASH P6240 TL 49P', '', ''),
(890, 'BEAST TIRE 70X90X17 4PR FLASH P6240 TL 38P', '', ''),
(891, 'BEAST TIRE 80X90X17 4PR FLASH P6240 TL 44P', '', ''),
(892, 'BEAST TIRE 60X90X17 4PR FLASH P6240 TL 30P', '', ''),
(893, 'BEAST TIRE 110X80X14 4PR FLASH P6240 TL 53S', '', ''),
(894, 'BEAST TIRE 140X70X14 4PR FLASH P6240 TL 62S', '', ''),
(895, 'BEAST TIRE 70X90X14 4PR FLASH P6240 TL 34P', '', ''),
(896, 'BEAST TIRE 80X90X14 4PR FLASH P6240 TL 40P', '', ''),
(897, 'BEAST TIRE 90X90X14 4PR FLASH P6240 TL 46P', '', ''),
(898, 'PODIUM PIPE MIO i 125', '', ''),
(899, 'PODIUM PIPE MIO SPORTY', '', ''),
(900, 'PODIUM PIPE CLICK 125/150', '', ''),
(901, 'PODIUM PIPE WAVE 100S', '', ''),
(902, 'RS8 DEGREASER', '', ''),
(903, 'MANUAL TENSIONER MIO', '', ''),
(904, 'MANUAL TENSIONER RAIDER', '', ''),
(905, 'MANUAL TENSIONER WAVE125', '', ''),
(906, 'SPEED SENSOR PLATE AEROX/NMAX', '', ''),
(907, 'LHK CAMSHAFT MIO SPORTY STAGE1', '', ''),
(908, 'LHK CAMSHAFT MIO SPORTY STAGE2', '', ''),
(909, 'LHK CAMSHAFT MIO SPORTY STAGE3', '', ''),
(910, 'BRAKE LIKE SWITCH HONDA', '', ''),
(911, 'APIDO CDI AMORE', '', ''),
(912, 'RIZOMA MINI DRIVING LIGHT', '', ''),
(913, 'APR SEAT COVER MAY TAHI SMALL BLACK', '', ''),
(914, 'APR SEAT COVER MAY TAHI RAIDER FI BLACK', '', ''),
(915, 'APR SEAT COVER MAY TAHI CLICK BLACK', '', ''),
(916, 'APR SEAT COVER MAY TAHI SMALL BLUE', '', ''),
(917, 'APR SEAT COVER MAY TAHI MEDIUM BLUE', '', ''),
(918, 'APR SEAT COVER MAY TAHI AEROX RED', '', ''),
(919, 'APR SEAT COVER MAY TAHI MEDIUM RED', '', ''),
(920, 'APR SEAT COVER MAY TAHI RAIDER FI RED', '', ''),
(921, 'CLICK 150 BRAKE MASTER REPAIR KIT', '', ''),
(922, 'RAM AIR CLICK 160', '', ''),
(923, 'CARB COVER MIO SPORTY', '', ''),
(924, 'HMA SIDE MIRROR HONDA', '', ''),
(925, 'HMA SIDE MIRROR YAMAHA', '', ''),
(926, 'DOMINO TRI SWITCH HONDA BEAT', '', ''),
(927, 'SAIYAN FRONT SHOCK WAVE 100 ', '', ''),
(928, 'SAIYAN FRONT SHOCK WAVE 125', '', ''),
(929, 'SAIYAN FRONT SHOCK CLICK 125 ', '', ''),
(930, 'SAIYAN FRONT SHOCK RAIDER150', '', ''),
(931, 'SAIYAN FRONT SHOCK RUSI TC 125', '', ''),
(932, 'SAIYAN FRONT SHOCK CT100', '', ''),
(933, 'SAIYAN FRONT SHOCK TMX 125', '', ''),
(934, 'OD 12N5L BATTERY', '', ''),
(935, 'FORK OIL  ZION', '', ''),
(936, 'NON VENTILATED DISC', '', ''),
(937, 'LAMBORG9 TORQUE DRIVE MIO SPORTY', '', ''),
(938, 'LAMBORG9 TORQUE DRIVE MIO I 125', '', ''),
(939, 'LAMBORG9 TORQUE DRIVE BEAT FI', '', ''),
(940, 'LAMBORG9 VALVE GUIDE SMASH', '', ''),
(941, 'LAMBORG9 VALVE GUIDE XRM', '', ''),
(942, 'LAMBORG9 VALVE GUIDE SHOGUN', '', ''),
(943, 'LAMBORG9 VALVE GUIDE GY6 125', '', ''),
(944, 'LAMBORG9 VALVE GUIDE MIO', '', ''),
(945, 'LAMBORG9 VALVE GUIDE TMX', '', ''),
(946, 'LAMBORG9 VALVE GUIDE R. 150', '', ''),
(947, 'PETRON GEAR OIL', '', ''),
(948, 'R. 150 CAM CHAIN GUIDE', '', ''),
(949, 'TRANSFORMER x KHOKEN BRAKE', '', ''),
(950, 'CIRCUIT AUTOMOTIVE WIRE ', '', ''),
(951, 'LAMBORG9 STARTER BEAD MIO', '', ''),
(952, 'LAMBORG9 CAMSHAFT STD MIO', '', ''),
(953, 'LAMBORG9 CAMSHAFT STD XRM 110', '', ''),
(954, 'LAMBORG CAM BEARING MIO SPORTY', '', ''),
(955, 'LAMBORG CAM BEARING MIO I 125', '', ''),
(956, 'LAMBORG CAM BEARING W125/W100', '', ''),
(957, 'DS4 RADIATOR COVER CLICK BLACK/CLEAR', '', ''),
(958, 'DS4 RADIATOR COVER AEROX V1 V2 BLACK/CLEAR', '', ''),
(959, 'DS4 RADIATOR COVER MXI BLACK/CLEAR', '', ''),
(960, 'DS4 RADIATOR COVER NMAX V1 V2 BLACK/CLEAR', '', ''),
(961, 'OIL FILTER KAWASAKI BARAKO', '', ''),
(962, 'OIL FILTER KAWASAKI BAJAJ', '', ''),
(963, 'CNC CRANKCASE BOLT GEAR TYPE W100/W110', '', ''),
(964, 'CNC CRANKCASE BOLT GEAR TYPE SNIPER 150', '', ''),
(965, 'HONDA INJECTOR', '', ''),
(966, 'OHLINS STABILIZER', '', ''),
(967, 'CNC BODY BOLT V1 GEAR TYPE 6X20', '', ''),
(968, 'CRANK CASE CNC BOLT PCX', '', ''),
(969, 'CRANK CASE CNC BOLT CLICK', '', ''),
(970, 'FLOATING DISC 4 HOLES 220MM MIO SILVER/BLUE', '', ''),
(971, 'CNC BOLTS WHEEL SHAFTING  AEROX V1  FRONT', '', ''),
(972, 'CNC BOLTS WHEEL SHAFTING  CLICK/BEAT FRONT', '', ''),
(973, 'CNC BOLTS WHEEL SHAFTING WAVE REAR STD.', '', ''),
(974, 'CNC BOLTS WHEEL SHAFTING  WAVE LONG', '', ''),
(975, 'CNC BOLTS WHEEL SHAFTING  NMAX V1', '', ''),
(976, 'CNC BOLTS WHEEL SHAFTING  SPORTY/ SNIPER', '', ''),
(977, 'CNC BOLTS WHEEL SHAFTING SONIC/RAIDER', '', ''),
(978, 'CNC REAR AXLE NUT PCX/CLICK/ADV', '', ''),
(979, 'CNC REAR AXLE NUT MIO/M3', '', ''),
(980, 'SAIYAN SLIDER PEACE MIO/NMAX', '', ''),
(981, 'SAIYAN SLIDER PEACE SKYDRIVE', '', ''),
(982, 'SAIYAN SLIDER PEACE CLICK', '', ''),
(983, 'SAIYAN SLIDER PEACE GY6', '', ''),
(984, 'SAIYAN SLIDER PEACE SCOOPY', '', ''),
(985, 'DORAEMON CALIPER W/ BRACKET CLICK/BEAT', '', ''),
(986, 'TURTLE BACK CALIPER W/ CNC BRACKET W125', '', ''),
(987, 'GP COCKROACH GP CALIPER W125', '', ''),
(988, 'GP COCKROACH GP CALIPER MIO', '', ''),
(989, 'MINI GP CALIPER W/ ALLOY BRACKET MIO/W125', '', ''),
(990, 'L9 CNC BAR END STAINLESS THAI MADE', '', ''),
(991, 'KING OF DRAG OUTER TUBE W125', '', ''),
(992, 'KING OF DRAG OUTER TUBE MIO', '', ''),
(993, 'KOYO 6000', '', ''),
(994, 'KOYO 63/22', '', ''),
(995, 'BALLRACE W125/CLICK', '', ''),
(996, 'MAGIC STAR MDL TRISWITCH', '', ''),
(997, 'MIO 1 KAHA', '', ''),
(998, 'CK CALIPER 2POT CLICK W/ BRACKET', '', ''),
(1000, 'PIAA HORN GOLD', '', ''),
(1001, 'SUPER SPEED SHOCK SINGLE', '', ''),
(1002, 'BREMBO P19 BRAKEMASTER', '', ''),
(1003, 'APR SEAT COVER', '', ''),
(1004, 'FORMULA 1 CALIPER WAVE 125', '', ''),
(1005, 'KOBY HI TEMP GREASE', '', ''),
(1006, 'SPARK PLUG CAP L TYPE', '', ''),
(1007, 'SPARK PLUG CAP MIO', '', ''),
(1008, 'OIL FILTER YAMAHA/SUZUKI/BAJAJ/BARAKO', '', ''),
(1009, 'MSD IGNITION COIL', '', ''),
(1010, 'SPARKPLUG CPR6EA-9', '', ''),
(1011, 'SPARKPLUG C7HSA', '', ''),
(1012, 'SPARKPLUG D6HA', '', ''),
(1013, 'SPARKPLUG D8EA', '', ''),
(1014, 'SPARKPLUG BP7HS', '', ''),
(1015, 'MOTUL PLUS 1L', '', ''),
(1016, 'MOTUL SCOOTER 0.8L', '', ''),
(1017, '44K FI CHEMICAL', '', ''),
(1018, 'CKP CENSOR AEROX', '', ''),
(1019, 'TPS CENSOR BEAT FI', '', ''),
(1020, 'CNC BLOCK 59MM SPORTY', '', ''),
(1021, 'CNC BLOCK STD SPORTY', '', ''),
(1022, 'CNC BLOCK STD MIO I 125 ', '', ''),
(1023, 'PS16 BRAKE MASTER', '', ''),
(1024, 'DOMINO QUICK THROTTLE UNIVERSAL', '', ''),
(1025, 'BREMBO CALIPER TURTLE BACK', '', ''),
(1026, 'BREMBO CALIPER MINI GP', '', ''),
(1027, 'BREMBO CALIPER COCKROACH', '', ''),
(1028, 'BREMBO CALIPER DORAEMON', '', ''),
(1029, 'SURE BRAKEFLUID', '', ''),
(1030, 'SUPER SPEED OIL SCOOTER 0.8L', '', ''),
(1031, 'SUPER SPEED OIL SCOOTER 1L', '', ''),
(1032, 'SUPER SPEED OIL RED 0.8L', '', ''),
(1033, 'SUPER SPEED OIL 1L', '', ''),
(1034, 'CNC BLOCK 54MM SPORTY', '', ''),
(1035, 'CNC BLOCK 59MM MIO I 125', '', ''),
(1036, 'MOTUL SCOOTER 1L', '', ''),
(1037, 'BEAST TIRE 60 80 17', '', ''),
(1038, 'BEAST TIRE 70 80 17 ', '', ''),
(1039, 'BEAST TIRE 80 80 17', '', ''),
(1040, 'BEAST TIRE 90 80 17', '', ''),
(1041, 'BEAST TIRE 70 90 17', '', ''),
(1042, 'BEAST TIRE 80 90 17', '', ''),
(1043, 'BEAST TIRE 60 80 14', '', ''),
(1044, 'BEAST TIRE 70 80 14', '', ''),
(1045, 'BEAST TIRE 80 80 14', '', ''),
(1046, 'BEAST TIRE 90 80 14', '', ''),
(1047, 'BEAST TIRE 70 90 14', '', ''),
(1048, 'BEAST TIRE 80 90 14', '', ''),
(1049, 'ZENO FLAT SEAT RAIDER 150 CARB', '', ''),
(1050, 'ZENO FLAT SEAT SOULTY', '', ''),
(1051, 'ZENO FLAT SEAT PCX 160', '', ''),
(1052, 'ZENO FLAT SEAT CLICK 160', '', ''),
(1053, 'ZENO FLAT SEAT AEROX V1', '', ''),
(1054, 'SAIYAN RIMS LIME GREEN', '', ''),
(1055, 'SAIYAN RIMS GREEN', '', ''),
(1056, 'SAIYAN RIMS ORANGE', '', ''),
(1057, 'SAIYAN RIMS BROWN', '', ''),
(1058, 'SAIYAN RIMS GOLD', '', ''),
(1059, 'RCM CENTER SPRING BEAT FI 1000RPM', '', ''),
(1060, 'RCM CENTER SPRING BEAT FI 1200RPM', '', ''),
(1061, 'RCM CENTER SPRING MIO I 1200RPM', '', ''),
(1062, 'RCM CENTER SPRING MIO I 1500RPM', '', ''),
(1063, 'RCM CENTER SPRING NMAX 1000RPM', '', ''),
(1064, 'RCM CENTER SPRING NMAX 1500RPM', '', ''),
(1065, 'RCM CENTER SPRING CLICK 1500RPM', '', ''),
(1066, 'RCM CENTER SPRING SPORTY 1000RPM', '', ''),
(1067, 'RCM CENTER SPRING SPORTY 1200RPM', '', ''),
(1068, 'RCM CENTER SPRING SPORTY 1500RPM', '', ''),
(1069, 'RCM CLUTCH SPRING MIO 1000RPM', '', ''),
(1070, 'RCM CLUTCH SPRING MIO 1200RPM', '', ''),
(1071, 'RCM CLUTCH SPRING MIO 1500RPM', '', ''),
(1072, 'RCM FLYBALL SPORTY 6G', '', ''),
(1073, 'RCM FLYBALL MIO I 9G', '', ''),
(1074, 'RCM LINING 3PAD SPORTY', '', ''),
(1075, 'RCM FUEL FILTER BEAT FI', '', ''),
(1076, 'RCM WAVE 125 ROCKER ARM', '', ''),
(1077, 'RCM SPORTY ROCKER ARM', '', ''),
(1078, 'SAIYAN PAD ADV150/PCX160 REAR', '', ''),
(1079, 'SAIYAN PAD WAVE 125', '', ''),
(1080, 'SAIYAN PAD BEAT NEW', '', ''),
(1081, 'SAIYAN PAD R150FI FRONT', '', ''),
(1082, 'SAIYAN PAD R150FI REAR', '', ''),
(1083, 'SAIYAN PAD ADV150/PCX160 FRONT', '', ''),
(1084, '                            SAIYAN PAD TRINITY', '', ''),
(1085, 'SAIYAN PAD WAVE 110', '', ''),
(1086, 'SAIYAN PAD CLICK 125', '', ''),
(1087, 'SAIYAN PAD R150 FRONT ', '', ''),
(1088, 'SAIYAN PAD R150 REAR', '', ''),
(1089, 'SAIYAN PAD M3', '', ''),
(1090, 'SAIYAN PAD MIO', '', ''),
(1091, 'BWIN CLUTCH SPRING 1500 BEAT FI', '', ''),
(1092, 'BWIN CLUTCH SPRING 1500 CLICK', '', ''),
(1093, 'BWIN CLUTCH SPRING 1500 MIO1', '', ''),
(1094, 'BWIN CLUTCH SPRING 1200 BEAT FI', '', ''),
(1095, 'BWIN CLUTCH SPRING 1000 BEAT FI', '', ''),
(1096, 'BWIN CLUTCH SPRING 1000 SPORTY', '', ''),
(1097, 'BWIN CLUTCH SPRING 1200 SPORTY', '', ''),
(1098, 'BWIN CLUTCH SPRING 1200 MIO1', '', ''),
(1099, 'BWIN CENTER 1200 SPORTY', '', ''),
(1100, 'BWIN CENTER 1500 NMAX', '', ''),
(1101, 'BWIN CENTER 1200 CLICK', '', ''),
(1102, 'BWIN CENTER 1200 NMAX', '', ''),
(1103, 'BWIN CENTER 1000 SPORTY', '', ''),
(1104, 'BWIN CENTER 1000 BEAT FI', '', ''),
(1105, 'BWIN CENTER 1000 NMAX', '', ''),
(1106, 'SUN PULLEY SET CLICK 150', '', ''),
(1107, 'SUN PULLEY SET PCX 160', '', ''),
(1108, 'SUN PULLEY SET MIOI125', '', ''),
(1109, 'SUN PULLEY SET CLICK 125', '', ''),
(1110, 'SUN PULLEY SET NMAX 155', '', ''),
(1111, 'SUN PULLEY SET SPORTY', '', ''),
(1112, 'MTRT PULLEY SET MIO ST', '', ''),
(1113, 'MTRT INJECTOR 130CC MIOI', '', ''),
(1114, 'MTRT HEAD 2428 SPORTY', '', ''),
(1115, 'MTRT CENTER 1000 SPORTY', '', ''),
(1116, 'MTRT CENTER 1500 CLICK', '', ''),
(1117, 'MTRT CENTER 1500 NMAX', '', ''),
(1118, 'MTRT CENTER 1000 NMAX', '', ''),
(1119, 'MTRT CLUTCH1500 SPORTY', '', ''),
(1120, 'MTRT CLUTCH 1500 CLICK', '', ''),
(1121, 'MTRT FLYBALL 8G MIO125', '', ''),
(1122, 'MTRT 9G MIO125', '', ''),
(1123, 'MTRT 10G MIO125', '', ''),
(1124, 'MTRT 11G MIO125', '', ''),
(1125, 'MTRT 12G MIO125', '', ''),
(1126, 'MTRT 13G MIO125', '', ''),
(1127, 'MTRT 14G MIO125', '', ''),
(1128, 'MTRT 9G CLICK', '', ''),
(1129, 'MTRT 10G CLICK', '', ''),
(1130, 'MTRT 11G CLICK', '', ''),
(1131, 'MTRT 12G CLICK', '', ''),
(1132, 'MTRT 13G CLICK', '', ''),
(1133, 'MTRT 18G CLICK', '', ''),
(1134, 'MTRT 6G SPORTY', '', ''),
(1135, 'MTRT 7G SPORTY', '', ''),
(1136, 'MTRT 9G SPORTY', '', ''),
(1137, 'MTRT 8G BEATFI', '', ''),
(1138, 'MTRT 10GBEATFI', '', ''),
(1139, 'MTRT 11GBEATFI', '', ''),
(1140, 'MTRT12GBEATFI', '', ''),
(1141, 'SAIYAN ROCKER ARM BARAKO', '', ''),
(1142, 'SAIYAN ROCKER ARM GY6', '', ''),
(1143, 'SAIYAN ROCKER ARM TMX SUP', '', ''),
(1144, 'SAIYAN ROCKER ARM CT100', '', ''),
(1145, 'SAIYAN ROCKER ARM TMX 125 ALPHA', '', ''),
(1146, 'SAIYAN ROCKER ARM TMX155 CAMFOLLOW', '', ''),
(1147, 'SAIYAN SLIDER CLICK', '', ''),
(1148, 'SAIYAN SLIDER YAMAHA', '', ''),
(1149, 'SAIYANSLIDER BEAT', '', ''),
(1150, 'SAIYANSLIDER SKYDRIVE', '', ''),
(1151, 'SAIYANSLIDER GY6', '', ''),
(1152, 'SAIYANKICK PINION GEAR MIO', '', ''),
(1153, 'SAIYANSHOCK FRONT OIL SEAL ', '', ''),
(1154, 'SAIYANCHAIN GUIDE M3', '', ''),
(1155, 'SAIYANCHAIN GUIDE MIO SPORTY', '', ''),
(1156, 'SAIYANCHAIN GUIDE R150', '', ''),
(1157, 'SAIYANCHAIN GUIDE W125', '', ''),
(1158, 'SAIYAN CHAIN GUIDE BARAKO', '', ''),
(1159, 'SAIYAN AIRFILTER BEAT', '', ''),
(1160, 'SAIYAN AIRFILTER M3', '', ''),
(1161, 'SAIYANAIRFILTER AEROX', '', ''),
(1162, 'SAIYANAIRFILTER SPORTY', '', ''),
(1163, 'SAIYANAIRFILTER BURGMAN', '', ''),
(1164, 'SAIYANAIRFILTER CLICK 125', '', ''),
(1165, 'SAIYANAIRFILTER GRAVIS', '', ''),
(1166, 'SAIYANAIRFILTER NMAX ', '', ''),
(1167, 'SAIYANAIRFILTER TMX155 ', '', ''),
(1168, 'SAIYANAIRFILTER TMX125 ALPHA FOAM', '', ''),
(1169, 'SAIYANAIRFILTERNMAX V1', '', ''),
(1170, 'SAIYANBRAKE SHOE BARAKO', '', ''),
(1171, 'SAIYANBRAKE SHOE TMX ALPHA', '', ''),
(1172, 'SAIYANBRAKE SHOE TMX B155 REAR', '', ''),
(1173, 'SAIYANBRAKE SHOE SKYDRIVE', '', ''),
(1174, 'SAIYANBRAKE SHOE ARM WAVE', '', ''),
(1175, 'SAIYANBEARING 6200', '', ''),
(1176, 'SAIYANBEARING 6201', '', ''),
(1177, 'SAIYANBEARING 6202', '', ''),
(1178, 'SAIYANBEARING 6203', '', ''),
(1179, 'SAIYANBEARING 6204', '', ''),
(1180, 'SAIYANBEARING 6205', '', ''),
(1181, 'SAIYANBEARING 6001', '', ''),
(1182, 'SAIYANBEARING 6002', '', ''),
(1183, 'SAIYANBEARING 6003', '', ''),
(1184, 'SAIYANBEARING 6004', '', ''),
(1185, 'SAIYANBEARING 6005', '', ''),
(1186, 'SAIYANBEARING 6300', '', ''),
(1187, 'SAIYANBEARING 6301', '', ''),
(1188, 'SAIYANBEARING 6302', '', ''),
(1189, 'SAIYANBEARING 6303', '', ''),
(1190, 'SAIYANBEARING 6304', '', ''),
(1191, 'SAIYANDISC MIO 125', '', ''),
(1192, 'SAIYANDISC SPORTY 190', '', ''),
(1193, 'SAIYANDISC SPORTY 200', '', ''),
(1194, 'SAIYANDISC BEAT ', '', ''),
(1195, 'SAIYANDISC CLICK', '', ''),
(1196, 'SAIYANDISC NMAX F', '', ''),
(1197, 'SAIYANDISC NMAX R', '', ''),
(1198, 'SAIYANFUEL FILTER YAM', '', ''),
(1199, 'SAIYANFUEL FILTER HON', '', ''),
(1200, 'SAIYANFUEL FILTER SUZ', '', ''),
(1201, 'SAIYANREGULATOR M3', '', ''),
(1202, 'SAIYANREGULATOR W125', '', ''),
(1203, 'SAIYANREGULATOR TMX 125', '', ''),
(1204, 'SAIYANREGULATOR TMX SUP', '', ''),
(1205, 'SAIYANCABLE W100', '', ''),
(1206, 'SAIYANCABLE SMASH DRUM', '', ''),
(1207, 'SAIYANCABLE R150', '', ''),
(1208, 'SAIYANCABLE ROUSER 135', '', ''),
(1209, 'SAIYANCABLE OD110', '', ''),
(1210, 'SAIYANCABLE TMX 155', '', ''),
(1211, 'SAIYANCABLE SUPREMO', '', ''),
(1212, 'SAIYANCABLECT125', '', ''),
(1213, 'SAIYANCABLEXRM125', '', ''),
(1214, 'SAIYANCABLEW125', '', ''),
(1215, 'SAIYANCABLECG125', '', ''),
(1216, 'SAIYANCABLEXRM110', '', ''),
(1217, 'SAIYANCABLERAIDERJ', '', ''),
(1218, 'SAIYANCABLECT150', '', ''),
(1219, 'SAIYANCABLEDREAM', '', ''),
(1220, 'SAIYANCABLERUSI150', '', ''),
(1221, 'SAIYAN CABLE XRM TRINITY', '', ''),
(1222, 'MDL V6', '', ''),
(1223, 'DOMINO SWITCH', '', ''),
(1224, 'GY6 REGULATOR 5 WIRES', '', ''),
(1225, 'SAIYAN PULLEY SLIDER PIECE CLICK125', '', ''),
(1226, 'BATTERY EXTREME 4L', '', ''),
(1227, 'BATTERY EXTREME 5L SPORTY', '', ''),
(1228, 'BATTERY EXTREME 5L SMALL', '', ''),
(1229, 'TOP 1 COOLANT', '', ''),
(1230, 'SINGLE WIRE THIN RED', '', ''),
(1231, 'SAIYAN CDI TMX SUPREMO', '', ''),
(1232, 'SAIYAN CDI LIFAN110', '', ''),
(1233, 'SAIYAN CDI C100/DREAM', '', ''),
(1234, 'SAIYAN HANDLE SWITCH ASSY BARAKO', '', ''),
(1235, 'SAIYAN HANDLE SWITCH ASSY TMX ALPHA', '', ''),
(1236, 'SAIYAN HANDLE SWITCH ASSY TMX155', '', ''),
(1237, 'SAIYAN HANDLE SWITCH ASSY MIO', '', ''),
(1238, 'SAIYAN AIR FILTER MUSHROOM', '', ''),
(1239, 'SAIYAN STARTER RELAY CLICK 4PIN', '', ''),
(1240, 'SAIYAN STATOR COIL MIO SPORTY', '', ''),
(1241, 'SAIYAN STATOR COIL M3', '', ''),
(1242, 'SAIYAN STATOR COIL WAVE 125', '', ''),
(1243, 'SAIYAN STATOR COIL CG 125', '', ''),
(1244, 'SAIYAN STATOR COIL TMX155', '', '');
INSERT INTO `products` (`barcode`, `productname`, `description`, `model`) VALUES
(1245, 'SAIYAN FLASHER RELAY W/ ADJUSTER', '', ''),
(1246, 'SAIYAN CLUTCH SHOE W/ CLUTCH SPRING ZOOMER-X/BEAT FI', '', ''),
(1247, 'SAIYAN CLUTCH SHOE ASSY NMAX', '', ''),
(1248, 'SAIYAN CLUTCH LINING LIFAN110', '', ''),
(1249, 'SAIYAN CHANGE PEDAL C100/DREAM', '', ''),
(1250, 'SAIYAN CHANGE PEDAL RS100', '', ''),
(1251, 'SAIYAN CHANGE PEDAL SUPREMO', '', ''),
(1252, 'SAIYAN CHANGE PEDAL TC125', '', ''),
(1253, 'SAIYAN CHANGE PEDAL SHOGUN', '', ''),
(1254, 'SAIYAN CHANGE PEDAL HD3', '', ''),
(1255, 'SAIYAN CHANGE PEDAL WAVE110', '', ''),
(1256, 'SAIYAN CHANGE PEDAL XRM110', '', ''),
(1257, 'SAIYAN CHANGE PEDAL WAVE125', '', ''),
(1258, 'SAIYAN CHANGE PEDAL CT100', '', ''),
(1259, 'SAIYAN CONNECTING ROD CG 150', '', ''),
(1260, 'SAIYAN CONNECTING ROD LIFAN 110', '', ''),
(1261, 'SAIYAN CONNECTING ROD TMX 155', '', ''),
(1262, 'SAIYAN CONNECTING ROD CG 125', '', ''),
(1263, 'SAIYAN CONNECTING ROD LIFAN125', '', ''),
(1264, 'SAIYAN CONNECTING ROD WAVE 110 XRM 110', '', ''),
(1265, 'SAIYAN CONNECTING ROD CT100', '', ''),
(1266, 'SAIYAN FLASHER RELAY W/OUT SOUND', '', ''),
(1267, 'SAIYAN HORN RELAY 5PIN', '', ''),
(1268, 'SAIYAN STARTER MOTOR MIO', '', ''),
(1269, 'STARTER MOTOR M3', '', ''),
(1270, 'BRAKE REPAIR KIT  BEAT', '', ''),
(1271, 'BRAKE REPAIR KIT  XRM', '', ''),
(1272, 'BRAKE REPAIR KIT CLICK', '', ''),
(1273, 'SPORTY DOMINO LEVER BLACK', '', ''),
(1274, 'SPORTY DOMINO LEVER CARBON', '', ''),
(1275, 'SPORTY DOMINO LEVER GOLD', '', ''),
(1276, 'T15 PARKLIGHT', '', ''),
(1277, 'BREMBO CALIPER CLICK', '', ''),
(1278, 'CNC BODY BOLTS', '', ''),
(1279, 'BRAKE HOSE REAR', '', ''),
(1280, 'BRAKE HOSE FRONT', '', ''),
(1281, 'THROTLLE CABLE MIO', '', ''),
(1282, 'SUPER SPEED SHOCK NMAX', '', ''),
(1283, 'BRAKE CABLE MIO', '', ''),
(1284, 'YAMAHA SLIDER PIECE', '', ''),
(1285, 'HORN PIPIP', '', ''),
(1286, 'BUTA DISC MIO I 125', '', ''),
(1287, 'BUTA DISC SPORTY', '', ''),
(1288, 'BREMBO DISC 220MM', '', ''),
(1289, 'YAMAHA OEM THROTTLE', '', ''),
(1290, 'L9 REGULATOR 5 WIRES FULL WAVE', '', ''),
(1291, 'L9 DRAIN PLUG MIO SPORTY', '', ''),
(1292, 'MAGIC STAR MDL SWITCH', '', ''),
(1293, 'L9 GEAR BOX MIO SPORTY', '', ''),
(1294, 'L9 IDLE GEAR MIO SPORTY', '', ''),
(1295, 'L9 STARTER BID XRM', '', ''),
(1296, 'L9 START BID MIO SPORTY', '', ''),
(1297, 'L9 BACKPLATE SPORTY', '', ''),
(1298, 'L9 BACKPLATE MIO I 125', '', ''),
(1299, 'L9 BACKPLATE MX CARB', '', ''),
(1300, 'L9 BACKPLATE BEAT FI', '', ''),
(1301, 'L9 BACKPLATE NMAX', '', ''),
(1302, 'L9 BACKPLATE BEAT CARB', '', ''),
(1303, 'L9 BACKPLATE CLICK 125', '', ''),
(1304, 'L9 BACKPLATE GY6', '', ''),
(1305, 'L9 BACKPLATE SKYDRIVE', '', ''),
(1306, 'L9 CAMSHAFT STD BEAT CARB', '', ''),
(1307, 'L9 CAMSHAFT STD SMASH', '', ''),
(1308, 'L9 CAMSHAFT STD BEAT FI', '', ''),
(1309, 'L9 CAMSHAFT STD SPORTY', '', ''),
(1310, 'L9 CAMSHAFT STD WAVE 125', '', ''),
(1311, 'L9 CAMSHAFT STD MIO I 125', '', ''),
(1312, 'L9 CAMSHAFT STD XRM', '', ''),
(1313, 'DOMINO LEVER SPORTY', '', ''),
(1314, 'DOMINO LEVER XRM WAVE', '', ''),
(1315, 'HONEY WELL SWITCH SET', '', ''),
(1316, 'DOMINO QUICK THROTLLE', '', ''),
(1317, 'DOMINO UNIVERSAL CABLE', '', ''),
(1318, 'SAIYAN CHANGE PEDAL BARAKO', '', ''),
(1319, 'SAIYAN CHANGE PEDAL TMX155', '', ''),
(1320, 'HORN INTERRUPTER', '', ''),
(1331, 'L9 CLUTCH SHOE NMAX/AEROX', '', ''),
(1332, 'L9 CLUTCH SHOE MIO SPORTY', '', ''),
(1333, 'SUPER SPEED OIL BLUE 1L', '', ''),
(1334, 'SUPER SPEED OIL BLUE 0.8', '', ''),
(1335, 'DOMINO UNIVERSAL THROTTLE CABLE', '', ''),
(1336, 'KEIHIN CARB 24MM ROUNDSLIDE', '', ''),
(1337, 'KEIHIN CARB 26MM ROUNDSLIDE', '', ''),
(1338, 'KEIHIN 28MM CARBURATOR ROUNDSLIDE', '', ''),
(1339, 'EXTREME BATTERY 5L SPORTY', '', ''),
(1340, 'JRP GRIP ORIGINAL', '', ''),
(1341, 'JRP GRIP ORDINARY', '', ''),
(1342, 'MOTUL 3000 PLUS 1L', '', ''),
(1343, 'ZENO OIL 0.8ML CLUTCH EXCEL RED', '', ''),
(1344, 'ZEON OIL 1L CLUTCH EXCEL RED', '', ''),
(1345, 'ZENO OIL 0.8ML SCOOTER PRO BLUE', '', ''),
(1346, 'ZEON OIL 1L SCOOTER PRO BLUE', '', ''),
(1347, 'PODIUM MIO I 125', '', ''),
(1348, 'PODIUM CLICK 125/150', '', ''),
(1349, 'ZENO FLAT SEAT AEROX V2', '', ''),
(1350, 'ZENO FLAT SEAT RAIDER CARB', '', ''),
(1351, 'ZENO FLAT SEAT MIO SPORTY', '', ''),
(1352, 'ZENO PLAT SEAT NMAX V2', '', ''),
(1353, 'BEAST TIRE 110X80X14', '', ''),
(1354, 'BEAST TIRE 110X70X13', '', ''),
(1355, 'BEAST TIRE 140X70X14', '', ''),
(1356, 'BEAST TIRE 90X90X14 4PR FLASH P6240 TL', '', ''),
(1357, 'BEAST TIRE 80X90X17 4PR FLASH P6240 TL', '', ''),
(1358, 'BEAST TIRE 90X90X17 4PR FLASH P6240 TL', '', ''),
(1359, 'L9 PISTON KIT SPORTY 59MM', '', ''),
(1360, 'L9 PISTON KIT SPORTY 50MM STD', '', ''),
(1361, 'BALL RACE CLICK WAVE 125', '', ''),
(1362, 'BALL RACE TMX', '', ''),
(1363, 'BALL RACE MIO', '', ''),
(1364, 'BALL RACE CT 100', '', ''),
(1365, 'BREMBO P19 BRAKE MASTER', '', ''),
(1366, 'BREMBO DISC 4 HOLES 220MM', '', ''),
(1367, 'L9 CLUTCH CABLE RAIDER 150', '', ''),
(1368, 'HONDA BEAT CRANKCASE BEARING', '', ''),
(1369, 'CNC M6X20 ', '', ''),
(1370, 'DOMINO LEVER MIO BLACK ORDINARY', '', ''),
(1371, 'PITSBIKE BLOCK MIO I 125 59MM', '', ''),
(1372, 'SLIDER PIECE HONDA CLICK', '', ''),
(1373, 'PITSBIKE CDI RAIDER CARB REBORN', '', ''),
(1374, 'PITSBIKE CDI MIO SPORTY', '', ''),
(1375, 'PITSBIKE CRANK SIDEBEARING', '', ''),
(1376, 'PITSBIKE 5 TURNS VALVES SPRING MIO', '', ''),
(1377, 'HORN RELAY WITH WIRE LONG', '', ''),
(1378, 'DOMINO SWITCH MIO LEFT RIGHT', '', ''),
(1379, 'L9 STARTER 500CC MIO', '', ''),
(1380, 'L9 TORQUE DRIVE MIO SPORTY', '', ''),
(1381, 'PITSBIKE VALVESPRING AEROX OVAL', '', ''),
(1382, 'PITSBIKE VALVESPRING AEROX R1', '', ''),
(1383, 'RESHINGU CAMSHAFT 6.0', '', ''),
(1384, 'Z-5 CAMSHAFT STAGE 1', '', ''),
(1385, 'MTRT ALLOY BLOCK DOME PISTON 59MM MIO SPORTY', '', ''),
(1386, 'CNC BLOCK SMASH STD', '', ''),
(1387, 'CNC BLOCK WAVE 125 STD', '', ''),
(1388, 'PLATINUM OIL 200ML PAMBANTO', '', ''),
(1389, 'HEADLIGHT BULB ORDINARY', '', ''),
(1390, 'YAMALUBE OIL 1L BLUE CORE AT', '', ''),
(1391, 'APR SEAT COVER MT MEDIUM BLACK', '', ''),
(1392, 'APR SEAT COVER ST SMALL RED', '', ''),
(1393, 'APR SEAT COVER ST SMALL BLACK', '', ''),
(1394, 'APR SEAT COVER NT NMAX RED', '', ''),
(1395, 'APR SEAT COVER AT AEROX BLACK', '', ''),
(1396, 'MTRT 5TURNS VALVES SPRING MIO', '', ''),
(1397, 'DOMINO SWITCH MDL', '', ''),
(1398, 'MOKOTO HEADLIGHT 6 LED', '', ''),
(1399, 'RAM AIR', '', ''),
(1400, 'HI TEMP GREASE KOBY', '', ''),
(1401, '2DP BELT NMAX', '', ''),
(1402, 'B65 BELT AEROX', '', ''),
(1403, 'K97 BELT PCX', '', ''),
(1404, 'K36 BELT CLICK 150', '', ''),
(1405, 'YAMAHA TIMING CHAIN SPORTY 90L', '', ''),
(1406, 'HONDA VALVESEAL', '', ''),
(1407, 'YAMAHA VALVESEAL', '', ''),
(1408, 'L9 INJECTOR BEAT FI', '', ''),
(1409, 'L9 INJECTOR MIO I 125', '', ''),
(1410, 'L9 INJECTOR CLICK', '', ''),
(1411, 'L9 INJECTOR NMAX', '', ''),
(1412, 'L9 REGULATOR FULL WAVE 5 WIRES', '', ''),
(1413, 'CNC BAR END ', '', ''),
(1414, 'L9 BACK PLATE MIO I 125 M3', '', ''),
(1415, 'TOP 1 COOLANT 500ML', '', ''),
(1416, 'MASTER REPAIR KIT MIO', '', ''),
(1417, 'MASTER REPAIR KIT XRM', '', ''),
(1418, 'SIGNAL LIGHT BULB ORDINARY', '', ''),
(1419, 'SINGLE WIRE BLACK', '', ''),
(1420, 'SPARK PLUG BP7HS', '', ''),
(1421, 'SPARK PLUG D6HS', '', ''),
(1422, 'HONDA BEAT SLIDER PIECE ORIG GENIUNE', '', ''),
(1423, '2PH BLOCK SET MIO I 125 YAMAHA ORIGINAL', '', ''),
(1424, '2PH BELT', '', ''),
(1425, 'MDL BRACKET ADV', '', ''),
(1426, 'RCM FLYBALL SKYDRIVE CLICK 9G', '', ''),
(1427, 'RCM FLYBALL SKYDRIVE CLICK 12G', '', ''),
(1428, 'RCM FLYBALL SKYDRIVE CLICK 18G', '', ''),
(1429, 'RCM FLYBALLSKYDRIVE CLICK 10G', '', ''),
(1430, 'RCM FLYBALL SKYDRIVE CLICK 8G', '', ''),
(1431, 'RCM FLYBALL NEXT ADDRESS 11G', '', ''),
(1432, 'RCM FLYBALL SKYDRIVE CLICK 16G', '', ''),
(1433, 'RCM FLYBALL SKYDRIVE CLICK 17G', '', ''),
(1434, 'RCM FLYBALL NEXT ADDRESS 13G', '', ''),
(1435, 'RCM FLYBALL BEAT 8G', '', ''),
(1436, 'RCM FLYBALL BEAT FI GY6 8G', '', ''),
(1437, 'RCM FLYBALL NEXT ADDRESS 9G', '', ''),
(1438, 'RCM FLYBALL SKYDRIVE CLICK 11G', '', ''),
(1439, 'RCM FLYBALL MIO I 125 AEROX 9G', '', ''),
(1440, 'RCM FLYBALL MIO 12G', '', ''),
(1441, 'RCM FLYBALL MIO 11G', '', ''),
(1442, 'RCM FLYBALL MIO 10G', '', ''),
(1443, 'RCM FLYBALL MIO 8G', '', ''),
(1444, 'RCM FLYBALL MIO 7G', '', ''),
(1445, 'RCM FLYBALL MIO I125 AEROX 13G', '', ''),
(1446, 'RCM FLYBALL BEAT 7G', '', ''),
(1447, 'RCM FLYBALL BEAT 9G', '', ''),
(1448, 'RCM FLYBALL BEAT 10G', '', ''),
(1449, 'RCM FLYBALL BEAT FI GY6 10G', '', ''),
(1450, 'RCM FLYBALL BEAT FI GY6 9G', '', ''),
(1451, 'RCM FLYBALL BEAT FI GY6 11G', '', ''),
(1452, 'RCM FLYBALL BEAT 11G', '', ''),
(1453, 'RCM FLYBALL BEAT 12G', '', ''),
(1454, 'RCM FLYBALL BEAT FI GY6 12G', '', ''),
(1455, 'RCM FLYBALL BEAT FI GY6 13G', '', ''),
(1456, 'RCM FLYBALL BEAT FI GY6 14G', '', ''),
(1457, 'RCM FLYBALL MIO I125 AEROX 14G', '', ''),
(1458, 'RCM FLYBALL MIO I125 AEROX 8G', '', ''),
(1459, 'RCM CENTER SPRING MIO I 125 BEAT CDI MX I 1500RPM', '', ''),
(1460, 'RCM CENTER SPRING XMAX300 1000RPM', '', ''),
(1461, 'RCM CENTER SPRING CLICK 1200RPM', '', ''),
(1462, 'RCM CENTER SPRING CLICK 1000RPM', '', ''),
(1463, 'RCM CENTER SPRING MIO 1200RPM', '', ''),
(1464, 'RCM CENTER SPRING MIO 1000RPM', '', ''),
(1465, 'RCM CENTER SPRING MIO 1500RPM', '', ''),
(1466, 'RCM CENTER SPRING BEAT 1000RPM', '', ''),
(1467, 'RCM CENTER SPRING SKYDRIVE 1200RPM', '', ''),
(1468, 'RCM CENTER SPRING MIO I125 M3 1500RPM', '', ''),
(1469, 'RCM CENTER SPRING MIO I 125 M3 1200RPM', '', ''),
(1470, 'RCM CENTER SPRING SKYDRIVE 1500RPM', '', ''),
(1471, 'RCM VALVE RETAINER TITANIUM 5.0MM MIO', '', ''),
(1472, 'RCM VALVE RETAINER TITANIUM 4.5MM MIO', '', ''),
(1473, 'RCM OIL PUMP GEAR MIO', '', ''),
(1474, 'RCM BUNG SENSOR', '', ''),
(1475, 'RCM CLUTCH SHOE LINING PAD ONLY', '', ''),
(1476, 'XXXXXZ', '', ''),
(1477, 'RCM CLUTCH SPRING MIO 1200RPM YELLOW', '', ''),
(1478, 'RCM CLUTCH SPRING MIO 1500RPM BLUE', '', ''),
(1479, 'WYD CYLINDER HEAD STD MIO SPORTY', '', ''),
(1480, 'WYD CYLINDER HEAD BIGVALVES 24 28 MIO SPORTY', '', ''),
(1481, 'WYD CYLINDER HEAD BIGVALVES 24 28 WAVE125', '', ''),
(1482, 'CNC BLOCK MIO I 125 M3 STD 52.4MM', '', ''),
(1483, 'SAIYAN REAR SHOCK Z SERIES WITH TANK CLICK SILVER', '', ''),
(1484, 'LAMBORG9 HUB AND MILE WHITE GOLD WAVE 125', '', ''),
(1485, 'CELLPHONE HOLDER WATER PROOF', '', ''),
(1486, 'MTR BRAKE SHOE BEAT', '', ''),
(1487, 'YAGUSO RIOS 162X9G', '', ''),
(1488, 'YAGUSO RIOS 157X9G', '', ''),
(1489, 'YAGUSO RIOS 155X9G', '', ''),
(1490, 'YAGUSO RIOS 184X9G', '', ''),
(1491, 'YAGUSO RIOS 150X9G', '', ''),
(1492, ' XXXXX', '', ''),
(1493, 'CNC BLOCK WAVE 125 57MM', '', ''),
(1494, 'L9 KICK GEAR PAMAYPAY MIO SPORTY', '', ''),
(1495, 'XXXXXXXX', '', ''),
(1496, 'L9 CAMSHAFT NMAX STD', '', ''),
(1497, 'L9 CAMSHAFT WAVE 125 STD', '', ''),
(1498, 'L9 CAMSHAFT MIO SPORTY STD', '', ''),
(1499, 'MDL BRACKET RAIDER 150', '', ''),
(1500, 'MDL BRACKET MIO SPORTY', '', ''),
(1501, 'XXXXXXXXXX', '', ''),
(1502, 'YAMAHA CONNECTING ROD ORIGINAL STD MIO SPORTY 4D0', '', ''),
(1503, 'LIGHTEN DISC MIO I 125 3 HOLES M3 190MM', '', ''),
(1504, 'LIGHTEN DISC MIO SPORTY 4 HOLES 190MM', '', ''),
(1505, 'MORIN DISC SMASH110 FRONT 220MM', '', ''),
(1506, 'KEIHIN CARBURATOR BARAKO', '', ''),
(1507, 'KING DRAG BRAKE HOSE FRONT', '', ''),
(1508, 'L9 CAMSHAFT MIO I125 M3 STD', '', ''),
(1509, 'L9 CAMSHAFT SMASH STD', '', ''),
(1510, 'L9 CAMSHAFT XRM110 STD', '', ''),
(1511, 'L9 ENGINE VALVES MIO', '', ''),
(1512, 'L9 ENGINE VALVES GY6 150', '', ''),
(1513, 'L9 ENGINE VALVES CG 125', '', ''),
(1514, 'L9 ENGINE VALVES TMX SUPREMO', '', ''),
(1515, 'L9 ENGINE VALVES CT 100', '', ''),
(1516, 'L9 ENGINE VALVES BC 175', '', ''),
(1517, 'L9 ENGINE VALVES XRM 110', '', ''),
(1518, 'L9 ENGINE VALVES STX 125', '', ''),
(1519, 'L9 ENGINE VALVES SMASH', '', ''),
(1520, 'L9 ENGINE VALVES CG 150', '', ''),
(1521, 'L9 ENGINE VALVES WAVE 125', '', ''),
(1522, 'L9 ENGINE VALVES TMX CDI', '', ''),
(1523, 'MTRT CENTER SPRING NMAX 1500RPM GREEN', '', ''),
(1524, 'MTRT CENTER SPRING MIO 1200RPM YELLOW', '', ''),
(1525, 'MTRT CENTER SPRING MIO 1500RPM GREEN', '', ''),
(1526, 'MTRT FLYBALL MIO I 125 AEROX 10G', '', ''),
(1527, 'MTRT FLYBALL MIO I 125 AEROX 8G', '', ''),
(1528, 'MTRT FLYBALL MIO I 125 AEROX 9G', '', ''),
(1529, 'MTRT FLYBALL MIO I 125 AEROX 11G', '', ''),
(1530, 'MTRT FLYBALL MIO I 125 AEROX 12G', '', ''),
(1531, 'MTRT FLYBALL MIO I 125 AEROX 13G', '', ''),
(1532, 'MTRT FLYBALL MIO I 125 AEROX 14G', '', ''),
(1533, 'MTRT FLYBALL BEAT FI GY6 8G', '', ''),
(1534, 'MTRT FLYBALL BEAT FI GY6 9G', '', ''),
(1535, 'MTRT FLYBALL BEAT FI GY6 10G', '', ''),
(1536, 'MTRT FLYBALL BEAT FI GY6 11G', '', ''),
(1537, 'MTRT FLYBALL SKYDRIVE CLICK 9G', '', ''),
(1538, 'MTRT FLYBALL SKYDRIVE CLICK 10G', '', ''),
(1539, 'MTRT FLYBALL MIO 6G', '', ''),
(1540, 'MTRT FLYBALL MIO 7G', '', ''),
(1541, 'MTRT FLYBALL MIO 9G', '', ''),
(1542, 'MTRT FLYBALL BEAT FI GY6 12G', '', ''),
(1543, 'SAIYAN CLUTCH CABLE ROUSER200', '', ''),
(1544, 'SAIYAN CLUTCH CABLE TMX SUPREMO', '', ''),
(1545, 'SAIYAN CLUTCH CABLE GD110', '', ''),
(1546, 'SAIYAN CLUTCH CABLE ROUSER135', '', ''),
(1547, 'SAIYAN CLUTCH CABLE RAIDER J', '', ''),
(1548, 'SAIYAN CLUTCH CABLE XRM TRINITY', '', ''),
(1549, 'SAIYAN CLUTCH CABLE BARAKO', '', ''),
(1550, 'SAIYAN CLUTCH CABLE FZ16', '', ''),
(1551, 'SAIYAN CLUTCH CABLE CT100', '', ''),
(1552, 'SAIYAN CLUTCH CABLE XRM125', '', ''),
(1553, 'SAIYAN CLUTCH CABLE STX', '', ''),
(1554, 'SAIYAN CLUTCH CABLE TC125', '', ''),
(1555, 'SAIYAN CLUTCH CABLE CB125', '', ''),
(1556, 'SAIYAN CLUTCH CABLE RAIDER150', '', ''),
(1557, 'SAIYAN BRAKE PAD RAIDER150 FI REAR', '', ''),
(1558, 'SAIYAN BRAKE PAD RAIDER150 FI FRONT', '', ''),
(1559, 'SAIYAN BEARING 6000', '', ''),
(1560, 'SAIYAN BEARING 6202', '', ''),
(1561, 'SAIYAN BEARING 6304', '', ''),
(1562, 'SAIYAN BEARING 6001', '', ''),
(1563, 'SAIYAN BEARING 6205', '', ''),
(1564, 'SAIYAN BLOCK BEAT 50MM', '', ''),
(1565, 'SAIYAN BLOCK MIO 59MM', '', ''),
(1566, 'SAIYAN BLOCK BARAKO 65MM', '', ''),
(1567, 'SAIYAN BLOCK RAIDER150 STD', '', ''),
(1568, 'SAIYAN BLOCK NMAX STD', '', ''),
(1569, 'SAIYAN BLOCK CLICK125 STD', '', ''),
(1570, 'SAIYAN BLOCK CLICK150', '', ''),
(1571, 'SAIYAN PULLEY SET ASSY W/ DRIVE FACE CLICK 125', '', ''),
(1572, 'SAIYAN PULLEY SET ASSY W/ DRIVE FACE MIO', '', ''),
(1573, 'SAIYAN AIR FILTER NMAX 2020 V2', '', ''),
(1574, 'SAIYAN AIR FILTER NMAX V1', '', ''),
(1575, 'SAIYAN AIR FILTER CLICK125/150', '', ''),
(1576, 'SAIYAN AIR FILTER M3', '', ''),
(1577, 'SAIYAN AIR FILTER AEROX155', '', ''),
(1578, 'SAIYAN AIR FILTER MIO SPORTY', '', ''),
(1579, 'SAIYAN CLUTCH LINING LIFAN 110', '', ''),
(1580, 'SAIYAN BRAKE SHOE XRM/WAVE REAR', '', ''),
(1581, 'CLUTCH BELL MIO REGROOVE BWIN', '', ''),
(1582, 'CLUTCH BELL BEAT FI REGROOVE BWIN', '', ''),
(1583, 'CLUTCH BELL NMAX REGROOVE BWIN', '', ''),
(1584, 'CLUTCH BELL CLICK 125 REGROOVE BWIN', '', ''),
(1585, 'CLUTCH BELL MIO M3 REGROOVE BWIN', '', ''),
(1586, 'PULLEY SET MIO BWIN', '', ''),
(1587, 'PULLEY SET CLICK 125 BWIN', '', ''),
(1588, 'PULLEY SET PCX BWIN', '', ''),
(1589, 'PULLEY SET NMAX BWIN', '', ''),
(1590, 'PULLEY SET MIO M3 BWIN', '', ''),
(1591, 'CLUTCH SHOE LINNING BEAT FI BWIN', '', ''),
(1592, 'CLUTCH SHOE LINNING CLICK 125 BWIN', '', ''),
(1593, 'CLUTCH SHOE LINNING MIO M3 BWIN', '', ''),
(1594, 'CLUTCH SHOE LINNING NMAX BWIN', '', ''),
(1595, 'CVT/DEGREASER 250 ML BWIN', '', ''),
(1596, 'BUTA DISC FRONT NMAX', '', ''),
(1597, 'BUTA DISC REAR NMAX', '', ''),
(1598, 'SAIYAN ALLOY RIM ASSORTED', '', ''),
(1599, 'EXTREME BATTERY 5L SMALL', '', ''),
(1600, 'MOTOR TECH BRAKE PAD MIO I 125 M3', '', ''),
(1601, 'SAIYAN BRAKE SHOE MIO', '', ''),
(1602, 'MAKOTO BRAKE CABLE MIO', '', ''),
(1603, 'LAMBORGE9 BRAKE SHOE CLICK BEAT', '', ''),
(1604, 'EXTREME BATTERY 7L', '', ''),
(1605, 'OD BATTERY 4L', '', ''),
(1606, 'OD BATTERY 5L', '', ''),
(1607, 'OEM QUICK THROTTLE', '', ''),
(1608, 'BRAKE LIGHT BULB', '', ''),
(1609, 'LAMBORGE9 IGNITION COIL', '', ''),
(1610, 'TTGR ANTI THEFT IGNITON KEY MIO I125 M3', '', ''),
(1611, 'TTGR ANTI THEFT IGNITON KEY RAIDER 150 CARB', '', ''),
(1612, 'TTGR ANTI THEFT IGNITON KEY MIO SOUL', '', ''),
(1613, 'TTGR ANTI THEFT IGNITON KEY MIO SPORTY', '', ''),
(1614, 'TTGR ANTI THEFT IGNITON KEY WAVE 125', '', ''),
(1615, 'TTGR ANTI THEFT IGNITON KEY BEAT FI', '', ''),
(1616, 'TTGR ANTI THEFT IGNITON KEY CLICK', '', ''),
(1617, 'DAENG SEAT COVER', '', ''),
(1618, 'LAMBORGE9 REAR SHOCK AEROX NMAX 270MM', '', ''),
(1619, 'TDD HEADLIGHT 6 LED', '', ''),
(1620, 'SUZUKI SHOGUN OIL FILTER', '', ''),
(1621, '415 CHAIN RED', '', ''),
(1622, '415 ALLOY SPROCKET', '', ''),
(1623, 'SAIYAN SPROCKET SET XRM 14 34 110', '', ''),
(1624, 'SAIYAN SPROCKET SET TMX 14 42 120', '', ''),
(1625, 'SAIYAN FUEL FILTER CLICK', '', ''),
(1626, 'SAIYAN FUEL FILTER RAIDER 150 FI', '', ''),
(1627, 'LAMBORGE9 REGULATOR MIO', '', ''),
(1628, 'FTC TORQUE DRIVE NUT MIO', '', ''),
(1629, 'TDR BRAKE HOSE ABS NMAX', '', ''),
(1630, 'TWM LEVER LEFT', '', ''),
(1631, '2PH CONNECTING ROD MIO I 125 M3', '', ''),
(1632, 'TTGR HUB SET MIO SOUL I 125 M3', '', ''),
(1633, 'TTGR HUB SET XRM', '', ''),
(1634, 'HIGH AND LOW WITH OFF SWITCH', '', ''),
(1635, 'SIGNAL LIGHT WITH HAZZARD', '', ''),
(1636, 'HORN BOTTON', '', ''),
(1637, 'BRAKE LIGHT SWITCH FRONT RIGHT MIO', '', ''),
(1638, 'BRAKE LIGHT SWITCH REAR ORANGE', '', ''),
(1639, 'THROTTLE HOUSING MIO', '', ''),
(1640, 'BODY BOLTS WITH CLIP', '', ''),
(1641, 'BRAKE LIGHT SWITCH LEFT MIO', '', ''),
(1642, 'BRAKE LIGHT SWITCH LEFT WAVE', '', ''),
(1643, 'HONDA CLICK BRAKE MASTER REPAIR KIT ', '', ''),
(1644, 'LAMBORGE9 STARTER VENDIX ASSY MIO SPORTY', '', ''),
(1645, 'LAMBORGE9 STARTER VENDIX ASSY RAIDER 150', '', ''),
(1646, 'REDSPEED DEGREASER', '', ''),
(1647, 'WD 40', '', ''),
(1648, 'CHAIN LUBE KOBY', '', ''),
(1649, 'COLORED BRAKE FLUID', '', ''),
(1650, 'SAIYAN STARTER RELAY RAIDER 150', '', ''),
(1651, 'SAIYAN  REGULATOR CG 125', '', ''),
(1652, 'SAIYAN STARTER RELAY XRM', '', ''),
(1653, 'SAIYAN REAR SHOCK Z SERIES WITHOUT TANK NMAX 305MM GOLD', '', ''),
(1654, 'SAIYAN REAR SHOCK Z SERIES WITHOUT TANK NMAX 305MM BLUE', '', ''),
(1655, 'SAIYAN REAR SHOCK Z SERIES NMAX WITHOUT TANK 335MM RED', '', ''),
(1656, 'SAIYAN REAR SHOCK Z SERIES NMAX WITHOUT TANK 335MM YELLOW', '', ''),
(1657, 'SAIYAN REAR SHOCK Z SERIES NMAX WITHOUT TANK 335MM SILVER', '', ''),
(1658, 'SAIYAN REAR SHOCK Z SERIES WITHOUT TANK NMAX 305MM WHITE', '', ''),
(1659, 'SAIYAN REAR SHOCK Z SERIES WITHOUT TANK NMAX 305MM BLACK', '', ''),
(1660, 'SAIYAN REAR SHOCK Z SERIES WITHOUT TANK CLICK 330MM SILVER', '', ''),
(1661, 'SAIYAN REAR SHOCK Z SERIES WITHOUT TANK CLICK 330MM BLUE', '', ''),
(1662, 'SAIYAN REAR SHOCK Z SERIES WITHOUT TANK CLICK 330MM YELLOW', '', ''),
(1663, 'SAIYAN REAR SHOCK Z SERIES WITHOUT TANK CLICK 330MM GOLD', '', ''),
(1664, 'SAIYAN REAR SHOCK Z SERIES WITHOUT TANK MIO 300MM SILVER', '', ''),
(1665, 'SAIYAN REAR SHOCK Z SERIES WITHOUT TANK MIO 300MM GOLD', '', ''),
(1666, 'BRAKE SHOE MTR CLICK', '', ''),
(1667, 'BRAKE FLUID', '', ''),
(1668, 'SAIYAN FLYBALL 15G MIO I125 M3', '', ''),
(1669, 'SAIYAN FLYBALL 14G MIO I125 M3', '', ''),
(1670, 'FORK OIL', '', ''),
(1671, 'HYDRAULIC SWITCH', '', ''),
(1672, 'KOYO BEARING 6200', '', ''),
(1673, 'K35 BELT', '', ''),
(1674, 'LAMBORGE9 BRAKE PAD DORAEMON', '', ''),
(1675, 'LAMBORGE9 BRAKE PAD TR 3136', '', ''),
(1676, 'LAMBORGE9 BRAKE PAD TR 3099', '', ''),
(1677, 'HONDA RUBBER LINK', '', ''),
(1678, 'HONDA FUEL PUMP DYNAMO', '', ''),
(1679, 'PULLEY OIL SEAL MIO I 125', '', ''),
(1680, 'BRAMBO CALIPER CLICK BLACK', '', ''),
(1681, 'PITSBIKE BLOCK MIO I 125 M3 59MM STEEL BORE', '', ''),
(1682, 'L9 TORQUE DRIVE MIO I 125', '', ''),
(1683, 'LAMBORGE9 STARTER VENDIX ASSY MIO I 125', '', ''),
(1684, 'LAMBORGE9 STARTER VENDIX ASSY FURY', '', ''),
(1685, 'TTGR ANTI THEFT KEY MIO SOUL', '', ''),
(1686, 'TTGR ANTI THEFT KEY MIO I 125 M3', '', ''),
(1687, 'TTGR ANTI THEFT KEY WAVE 125', '', ''),
(1688, 'SAIYAN STARTER MOTOR MIO I 125', '', ''),
(1689, 'SAIYAN STARTER MOTOR MIO SPORTY', '', ''),
(1690, 'THROTTLE TUBE', '', ''),
(1691, 'HENG SPEEDOMETER DISC GOLD AEROX NMAX', '', ''),
(1692, 'ALLOY SPROCKET ', '', ''),
(1693, 'DIY COOLANT HOSE RADIATOR HOSE SNIPER LC150', '', ''),
(1694, 'SAIYAN CDI LIFAN 110', '', ''),
(1695, 'SAIYAN CDI TMX 125 ALPHA', '', ''),
(1696, 'SAIYAN CDI WAVE 125 OLD', '', ''),
(1697, 'SAIYAN FLYBALL MIO I 125 M3 AEROX NMAX 13G', '', ''),
(1698, 'SAIYAN FLYBALL MIO I 125 M3 AEROX NMAX 12G', '', ''),
(1699, 'SAIYAN FLYBALL CLICK 12G', '', ''),
(1700, 'SAIYAN STARTER RELAY CLICK 4 PIN', '', ''),
(1701, 'SAIYAN CARBURATOR REPAIR KIT RAIDER 150', '', ''),
(1702, 'SAIYAN CARBURATOR REPAIR KIT CT 100', '', ''),
(1703, 'SAIYAN CARBURATOR REPAIR KIT WAVE 125', '', ''),
(1704, 'SAIYAN CARBURATOR REPAIR KIT CG 125', '', ''),
(1705, ' SAIYAN CARBURATOR REPAIR KIT C100 DREAM', '', ''),
(1706, 'SAIYAN CARBURATOR REPAIR KIT GY6 150', '', ''),
(1707, 'YAMAKOTO SPEEDOMETER CABLE MIO', '', ''),
(1708, 'OIL FILTER SUZUKI', '', ''),
(1709, 'OIL FILTER BAJAJ', '', ''),
(1710, ' OIL FILTER KAWASAKI BARAKO', '', ''),
(1711, 'SAIYAN RIOS SPOKES 185 8G', '', ''),
(1712, 'SAIYAN RIOS SPOKES155 8G', '', ''),
(1713, 'SAIYAN RIOS SPOKES 162 8G', '', ''),
(1714, 'SAIYAN RIOS SPOKES 161 10G', '', ''),
(1715, 'SUPER SPEED PIPE MIO SOULTY', '', ''),
(1716, 'SUPER SPEED PIPE CLICK', '', ''),
(1717, 'FRONT SHOCK ASSY LIGHTEN CLICK', '', ''),
(1718, 'FRONT SHOCK ASSY LIGHTEN NMAX', '', ''),
(1719, 'NATHONG FLAT SEAT CLICK WHITE LOGO', '', ''),
(1720, 'JRP FLAT SEAT CLICK', '', ''),
(1721, 'RS8 PULLEY SET BEAT FI', '', ''),
(1722, 'DOMINO UNIVERSAL QUICK THROTTLE', '', ''),
(1723, 'SAIYAN FUEL FILTER GEAR GRAVIS', '', ''),
(1724, 'SAIYAN AIR FILTER MIO SOUL', '', ''),
(1725, 'SAIYAN AIR FILTER RAIDER 150 FI', '', ''),
(1726, 'POWER TIRE 90 90 14', '', ''),
(1727, 'POWER TIRE 80  90 17', '', ''),
(1728, 'POWER TIRE 90 80 17', '', ''),
(1729, 'HYLOS MAGS 17 BEAT FI RED', '', ''),
(1730, 'HYLOS MAGS 17 CLICK BLACK', '', ''),
(1731, 'HYLOS MAGS 17 CLICK BLUE', '', ''),
(1732, 'JRP FLAT SEAT OREO M3 MIO 125', '', ''),
(1733, 'PULLEY SET BEAT FI BWIN', '', ''),
(1734, 'CLUTCH BELL PCX REGROOVE BWIN', '', ''),
(1735, 'BWIN SLIDING SHEAVE WITH ADAPTOR MIO 100 HALF ', '', ''),
(1736, 'CLUTCH SHOE LINNING PCX BWIN', '', ''),
(1737, 'ENGINE VALVE NMAX STOCK BWIN', '', ''),
(1738, 'BWIN CENTER SPRING BEAT FI 1200RPM', '', ''),
(1739, 'BWIN CENTER SPRING NMAX 1200RPM', '', ''),
(1740, 'BWIN CENTER SPRING MIO I 125 M3 1200RPM', '', ''),
(1741, 'BWIN CENTER SPRING PCX 1200RPM', '', ''),
(1742, 'BWIN CENTER SPRING PCX 1000RPM', '', ''),
(1743, 'BWIN CENTER SPRING CLICK 1000RPM', '', ''),
(1744, 'JVT PIPE NMAX', '', ''),
(1745, 'BWIN SLIDER PIECE CLICK', '', ''),
(1746, 'BWIN SLIDER PIECE NMAX', '', ''),
(1747, 'SAIYAN BRAKE PAD MIO I 125 M3', '', ''),
(1748, 'KVY BELT BEAT CARB', '', ''),
(1749, 'SHELL AX7 10W 40 800ML', '', ''),
(1750, 'MAGIC STAR MDL V6', '', ''),
(1751, 'BWIN CLUTCH SPRING 1200RPM MIO100 SPORTY', '', ''),
(1752, 'BWIN CLUTCH SPRING 1000RPM MIO100 SPORTY', '', ''),
(1753, 'BWIN CLUTCH SPRING 1000RPM NMAX', '', ''),
(1754, 'SGP CLUTCH CABLE RAIDER 150 FI', '', ''),
(1755, 'YAMAHA BRAKE LEVER SET MIO I 125 BLACK', '', ''),
(1756, 'YAMAHA DIAPHRAM MIO SPORTY', '', ''),
(1757, 'BWIN CENTER SPRING CLICK 1200RPM', '', ''),
(1758, 'SHELL AX7 10W 40 1L', '', ''),
(1759, 'SHELL AX3 20W 40 800ML', '', ''),
(1760, 'SHELL AX3 20W 40 1L', '', ''),
(1761, 'SHELL AX5 15W 40 800ML', '', ''),
(1762, 'SHELL AX5 15W 40 1L', '', ''),
(1763, 'ECO DRIVE 4L BATTERY', '', ''),
(1764, 'BELL NUT MIO', '', ''),
(1765, 'SAIYAN SLIDER PIECE CLICK', '', ''),
(1766, 'SAIYAN SLIDER PIECE SKYDRIVE', '', ''),
(1767, 'HONDA FUEL PUMP ORING', '', ''),
(1768, 'APIDO AIRFILTER PCX', '', ''),
(1769, 'KOYO BEARING 62/22', '', ''),
(1770, 'KOYO BEARING 63/22', '', ''),
(1771, 'YAMALUBE OIL 800ML BLUE CORE AT', '', ''),
(1772, 'OSRAM HEADLIGHT', '', ''),
(1773, 'DAYWAY 5L SMALL', '', ''),
(1774, 'SAIYAN FLYBALL 15G CLICK', '', ''),
(1775, 'BEAST TIRE 80X90X14 4PR FLASH P6240 TL', '', ''),
(1776, 'MIO 1 KAHA ASSORTED COLORS', '', ''),
(1777, 'SAIYAN OVERHAULING GASKET CG 125 TMX 125', '', ''),
(1778, 'SAIYAN OVERHAULING GASKET CG150 LIFAN 150', '', ''),
(1779, 'SAIYAN OVERHAULING GASKET RS100', '', ''),
(1780, 'SAIYAN OVERHAULING GASKET SNIPER 135', '', ''),
(1781, 'SAIYAN OVERHAULING GASKET LIFAN 125', '', ''),
(1782, 'SAIYAN OVERHAULING GASKET BARAKO', '', ''),
(1783, 'SAIYAN OVERHAULING GASKET TMX155', '', ''),
(1784, 'SAIYAN OVERHAULING GASKET XRM 110', '', ''),
(1785, 'SAIYAN OVERHAULING GASKET BAJAJ CT100', '', ''),
(1786, 'SAIYAN OVERHAULING GASKET MIO', '', ''),
(1787, 'SAIYAN IGNITION COIL BARAKO', '', ''),
(1788, 'HONDA FUEL FILTER', '', ''),
(1789, 'HONDA COOLANT T JOINT', '', ''),
(1790, 'SAIYAN THROTTLE CABLE BEAT FI', '', ''),
(1791, 'SAIYAN THROTTLE CABLE AEROX V2', '', ''),
(1792, 'SAIYAN THROTTLE CABLE CLICK', '', ''),
(1793, 'BWIN CENTER SPRING NMAX 1000RPM', '', ''),
(1794, 'BWIN CENTER SPRING NMAX 1500RPM', '', ''),
(1795, 'SAIYAN CHAIN GUIDE BEAT', '', ''),
(1796, 'SAIYAN CHAIN GUIDE MIO M3', '', ''),
(1797, 'SUPER SPEED PIPE MIO BEAT', '', ''),
(1798, 'SUPER SPEED PIPE MIO RAIDER 150', '', ''),
(1799, 'HONDA BELT REPLACEMENT PCX 160', '', ''),
(1800, 'HONDA BELT REPLACEMENT CLICK 125', '', ''),
(1801, 'BWIN TORQUE DRIVE PCX 160', '', ''),
(1802, 'BWIN TORQUE DRIVE CLICK 125', '', ''),
(1803, 'BWIN TORQUE DRIVE BEAT FI', '', ''),
(1804, 'BWIN TORQUE DRIVE MIO I 125 M3', '', ''),
(1805, 'BEAST TIRE 90X80X14 4PR FLASH P6240 TL', '', ''),
(1806, 'SAIYAN AIR FILTER BEAT FI', '', ''),
(1807, 'SAIYAN AIR FILTER SNIPER 150 155', '', ''),
(1808, 'SAIYAN AIR FILTER SKYDRIVE FI', '', ''),
(1809, 'ZENO SWING ARM WAVE +2', '', ''),
(1810, 'HMA HEADLIGHT WINKER SET', '', ''),
(1811, 'SUPER SPEED REAR SHOCK 310MM WAVE', '', ''),
(1812, 'SUPER SPEED REAR SHOCK 300MM MIO', '', ''),
(1813, 'SUPER SPEED REAR SHOCK 330MM CLICK', '', ''),
(1814, 'SAIYAN REAR SHOCK Z SERIES NMAX WITH TANK 305 MM SILVER', '', ''),
(1815, 'SAIYAN BEARING 6203', '', ''),
(1816, 'SAIYAN FLYBALL 10G GY6 BEAT FI', '', ''),
(1817, 'SAIYAN FLYBALL 14G GY6 BEAT FI', '', ''),
(1818, 'SAIYAN FLYBALL 15G GY6 BEAT FI', '', ''),
(1819, 'SAIYAN FLYBALL 13G CLICK', '', ''),
(1820, 'SAIYAN FLYBALL 14G CLICK', '', ''),
(1821, 'SAIYAN FLYBALL 12G CLICK', '', ''),
(1822, 'SAIYAN FLYBALL MIO I 125 M3 AEROX NMAX 14G', '', ''),
(1823, 'DIBDIB MIO1', '', ''),
(1824, 'ZENO FLATSEAT MSI GT', '', ''),
(1825, 'JVT CLUTCH BELL BEAT FI', '', ''),
(1826, 'JVT CLUTCH BELL MIO', '', ''),
(1827, 'JVT CLUTCH BELL NMAX/AEROX', '', ''),
(1828, 'JVT CLUTCH BELL M3', '', ''),
(1829, 'JVT CLUTCH BELL CLICK/PCX', '', ''),
(1830, ' CARB COVER MIO (FIBER)', '', ''),
(1831, 'RCM CENTER SPRING 1000RPM BEAT', '', ''),
(1832, 'RCM CKP SENSOR BEAT FI', '', ''),
(1833, 'SAIYAN 6200', '', ''),
(1834, 'SAIYAN 6301', '', ''),
(1835, 'JVT CLUTCH SHOE BEAT FI', '', ''),
(1836, 'JVT CLUTCH SHOE MIO', '', ''),
(1837, 'JVT CLUTCH SHOE NMAX/AEROX/CLICK', '', ''),
(1838, 'SAIYAN 6201', '', ''),
(1839, 'SAIYAN BRAKE PAD CLICK ', '', ''),
(1840, 'SAIYAN AIRFILTER AEROX 155', '', ''),
(1841, 'SLIDER HONA BEAT', '', ''),
(1842, 'SLIDER YAMAHA ', '', ''),
(1843, 'TAILLIGHT BULB', '', ''),
(1844, 'BWIN 1200RPM MIO', '', ''),
(1845, 'RCM CLUTCH SPRING 1200RPM MIO', '', ''),
(1846, 'HONDA BELT 23100-K1Z', '', ''),
(1847, 'HONDA BELT 23100-K36-JO2', '', ''),
(1848, 'HONDA BELT 23100-K35-VO1', '', ''),
(1849, 'HONDA BELT 23100-K44-VO1', '', ''),
(1850, 'SAIYAN CHAINSET C100 14 36 110L', '', ''),
(1851, 'SAIYAN CHAINSET TMX 14 42 120L', '', ''),
(1852, 'SAIYAN CHAINSET BARAKO 14 42 120L', '', ''),
(1853, 'SAIYAN CHAINSET SMASH 14 34 110L', '', ''),
(1854, 'SAIYAN CHAINSET TMX 14 40 120L', '', ''),
(1855, 'SAIYAN CHAINSET SMASH 14 38 110L', '', ''),
(1856, 'SAIYAN CHAINSET TMX 14 38 120L', '', ''),
(1857, 'SAIYAN SPOKES 8GX162', '', ''),
(1858, 'SAIYAN SPOKES 8GX161', '', ''),
(1859, 'SAIYAN SPOKES 10GX161', '', ''),
(1860, 'SAIYAN SPOKES 8GX155', '', ''),
(1861, 'SAIYAN SPOKES 10GX155', '', ''),
(1862, 'SAIYAN SPOKES 10GX150', '', ''),
(1863, 'SAIYAN SPOKES 8GX150', '', ''),
(1864, 'SAIYAN SPOKES 8G 185', '', ''),
(1865, 'SAIYAN BEARING 6200', '', ''),
(1866, 'SAIYAN BEARING 6002', '', ''),
(1867, 'SAIYAN BEARING 6003', '', ''),
(1868, 'SAIYAN BEARING 6004', '', ''),
(1869, 'SAIYAN BEARING 6005', '', ''),
(1870, 'SAIYAN BEARING 6302', '', ''),
(1871, 'SAIYAN KNUCKLE BEARING C100/WAVE', '', ''),
(1872, 'SAIYAN KNUCKLE BEARING CT100/HD3/BARAKO', '', ''),
(1873, 'SAIYAN KNUCKLE BEARING MIO', '', ''),
(1874, 'SAIYAN KNUCKLE BEARING TMX', '', ''),
(1875, 'SAIYAN KNUCKLE BEARING XRM', '', ''),
(1876, 'SAIYAN KNUCKLE BEARING FURY125', '', ''),
(1877, 'SAIYAN KNUCKLE BEARING RAIDER150', '', ''),
(1878, 'SAIYAN KNUCKLE BEARING CB110', '', ''),
(1879, 'SAIYAN KNUCKLE BEARING ROUSER135', '', ''),
(1880, 'SAIYAN KNUCKLE BEARING STX', '', ''),
(1881, 'SAIYAN KNUCKLE BEARING RAIDER J', '', ''),
(1882, 'SAIYAN KNUCKLE BEARING SHOGUN', '', ''),
(1883, 'SAIYAN KNUCKLE BEARING WAVE100', '', ''),
(1884, 'SAIYAN KNUCKLE BEARING WAVE125', '', ''),
(1885, 'SAIYAN REGULATOR CG125', '', ''),
(1886, 'SAIYAN IGNITION SWITCH SET XRM TRINITY (LOCK SET)', '', ''),
(1887, 'SAIYAN IGNITION SWITCH SET XRM125 (LOCK SET)', '', ''),
(1888, 'SAIYAN IGNITION SWITCH SET XRM110 (LOCK SET)', '', ''),
(1889, 'SAIYAN IGNITION SWITCH SET WAVE100R (LOCK SET)', '', ''),
(1890, 'SAIYAN IGNITION SWITCH SET SKYDRIVE (LOCK SET)', '', ''),
(1891, 'SAIYAN THROTTLE CABLE BARAKO', '', ''),
(1892, 'SAIYAN THROTTLE CABLE CG125', '', ''),
(1893, 'SAIYAN THROTTLE CABLE CT125', '', ''),
(1894, 'SAIYAN THROTTLE CABLE CT150', '', ''),
(1895, 'SAIYAN THROTTLE CABLE DREAM', '', ''),
(1896, 'SAIYAN THROTTLE CABLE GD110', '', ''),
(1897, 'SAIYAN THROTTLE CABLE RAIDER150', '', ''),
(1898, 'SAIYAN THROTTLE CABLE RAIDER J', '', ''),
(1899, 'SAIYAN THROTTLE CABLE ROUSER135', '', ''),
(1900, 'SAIYAN THROTTLE CABLE RUSI TC125', '', ''),
(1901, 'SAIYAN THROTTLE CABLE RUSI150', '', ''),
(1902, 'SAIYAN THROTTLE CABLE SMASH DRUM BRAKE', '', ''),
(1903, 'SAIYAN THROTTLE CABLE SUPREMO', '', ''),
(1904, 'SAIYAN THROTTLE CABLE TMX155', '', ''),
(1905, 'SAIYAN THROTTLE CABLE WAVE125', '', ''),
(1906, 'SAIYAN THROTTLE CABLE XRM TRINITY', '', ''),
(1907, 'SAIYAN THROTTLE CABLE XRM110', '', ''),
(1908, 'SAIYAN THROTTLE CABLE XRM125', '', ''),
(1909, 'SAIYAN AIR FILTER BURGMAN', '', ''),
(1910, 'SAIYAN AIR FILTER BEAT', '', ''),
(1911, 'SAIYAN AIR FILTER TMX155 FOAM', '', ''),
(1912, 'SAIYAN DISC NMAX FRONT', '', ''),
(1913, 'SAIYAN DISC NMAX REAR', '', ''),
(1914, 'SAIYAN DISC M3', '', ''),
(1915, 'SAIYAN DISC CLICK150', '', ''),
(1916, 'SAIYAN DISC MIO 190MM', '', ''),
(1917, 'SAIYAN DISC MIO 200MM', '', ''),
(1918, 'SAIYAN DISC BEAT', '', ''),
(1919, 'SAIYAN CHAIN GUIDE M3', '', ''),
(1920, 'SAIYAN SHOCK OIL SEAL XRM', '', ''),
(1921, 'SAIYAN PULLEY SLIDER PIECE MIO', '', ''),
(1922, 'SAIYAN PULLEY SLIDER PIECE BEAT SCOOPY', '', ''),
(1923, 'SAIYAN PULLEY SLIDER PIECE SKYDRIVE', '', ''),
(1924, 'SAIYAN ROCKER ARM GY6125', '', ''),
(1925, 'SAIYAN ROCKER ARM MIO M3', '', ''),
(1926, 'SAIYAN ROCKER ARM TMX155 CAM FOLLOWER', '', ''),
(1927, 'SAIYAN ROCKER ARM TMX125 ALPHA', '', ''),
(1928, 'SAIYAN ROCKER ARM TMX SUPREMO', '', ''),
(1929, 'SAIYAN ROCKER ARM TMX155 UPPER', '', ''),
(1930, 'SAIYAN DRIVE FACE MIO', '', ''),
(1931, 'SAIYAN DRIVE FACE CLICK125', '', ''),
(1932, 'SAIYAN DRIVE FACE CLICK150', '', ''),
(1933, 'SAIYAN PULLEY SET W/ PIN (NO DRIVE FACE) GY6', '', ''),
(1934, 'SAIYAN CHAIN 428H-110L', '', ''),
(1935, 'SAIYAN CHAIN 428H-120L', '', ''),
(1936, 'SAIYAN CHAIN 428H-130L', '', ''),
(1937, 'SHELL OIL SET WITH GEAR OIL AX7', '', ''),
(1938, 'APR SEAT COVER SMALL  BLUE', '', ''),
(1939, 'APR SEAT COVER  MEDIUM RED', '', ''),
(1940, 'APR SEAT COVER AEROX RED', '', ''),
(1941, 'APR SEAT COVER MEDIUM BLUE', '', ''),
(1942, 'APR SEAT COVER RAIDER FI RED', '', ''),
(1943, 'APR SEAT COVER FI MAY TAHI', '', ''),
(1944, 'T15 PARK LIGHT WHITE', '', ''),
(1945, 'T15 PARK LIGHT RED', '', ''),
(1946, 'T15 PARK LIGHT YELLOW', '', ''),
(1947, 'T15 PARK LIGHT GREEN', '', ''),
(1948, 'T15 PARK LIGHT BLUE', '', ''),
(1949, 'DOMINO SWITCH MIO I 125', '', ''),
(1950, 'CARB COVER FIBER MIO', '', ''),
(1951, '6 LED MAKOTO', '', ''),
(1952, 'PEANUT BULBS', '', ''),
(1953, 'HMA HEAD LIGHT WINKER SET', '', ''),
(1954, 'HMA SIDE MIRROR HONDA YAMAHA', '', ''),
(1955, 'SAIYAN Z SERIES REAR SHOCK NMAX 305MM W/OUT TANK YELLOW', '', ''),
(1956, 'SAIYAN Z SERIES REAR SHOCK NMAX 305MM W/OUT TANK RED', '', ''),
(1957, 'SAIYAN Z SERIES REAR SHOCK NMAX 305MM W/OUT TANK WHITE', '', ''),
(1958, 'SAIYAN Z SERIES REAR SHOCK NMAX 305MM W/OUT TANK GOLD', '', ''),
(1959, 'SAIYAN Z SERIES REAR SHOCK NMAX 305MM W/OUT TANK SILVER', '', ''),
(1960, 'SAIYAN Z SERIES REAR SHOCK NMAX 305MM W/OUT TANK BLUE', '', ''),
(1961, 'SAIYAN Z SERIES REAR SHOCK NMAX 305MM W/OUT TANK BLACK', '', ''),
(1962, 'SAIYAN Z SERIES REAR SHOCK WAVE125 310MM W/OUT TANK YELLOW', '', ''),
(1963, 'SAIYAN Z SERIES REAR SHOCK WAVE125 310MM W/OUT TANK RED', '', ''),
(1964, 'SAIYAN Z SERIES REAR SHOCK WAVE125 310MM W/OUT TANK BLUE', '', ''),
(1965, 'SAIYAN Z SERIES REAR SHOCK CLICK 330MM W/OUT TANK BLACK', '', ''),
(1966, 'SAIYAN Z SERIES REAR SHOCK CLICK 330MM W/OUT TANK WHITE', '', ''),
(1967, 'SAIYAN Z SERIES REAR SHOCK CLICK 330MM W/OUT TANK SILVER', '', ''),
(1968, 'SAIYAN Z SERIES REAR SHOCK MIO 300MM W/OUT TANK YELLOW', '', ''),
(1969, 'SAIYAN Z SERIES REAR SHOCK MIO 300MM W/OUT TANK RED', '', ''),
(1970, 'SAIYAN Z SERIES REAR SHOCK MIO 300MM W/OUT TANK BLACK', '', ''),
(1971, 'SAIYAN Z SERIES REAR SHOCK MIO 300MM W/OUT TANK GOLD', '', ''),
(1972, 'SAIYAN Z SERIES REAR SHOCK NMAX 335MM W/TANK BLACK', '', ''),
(1973, 'SAIYAN Z SERIES REAR SHOCK NMAX 335MM W/TANK YELLOW', '', ''),
(1974, 'SAIYAN Z SERIES REAR SHOCK NMAX 335MM W/TANK WHITE', '', ''),
(1975, 'SAIYAN Z SERIES REAR SHOCK NMAX 335MM W/TANK SILVER', '', ''),
(1976, 'SAIYAN Z SERIES REAR SHOCK WAVE125 310MM W/TANK RED', '', ''),
(1977, 'SAIYAN Z SERIES REAR SHOCK WAVE125 310MM W/TANK YELLOW', '', ''),
(1978, 'SAIYAN Z SERIES REAR SHOCK WAVE125 310MM W/TANK BLACK', '', ''),
(1979, 'SAIYAN Z SERIES REAR SHOCK WAVE125 310MM W/TANK WHITE', '', ''),
(1980, 'SAIYAN Z SERIES REAR SHOCK CLICK 330MM W/TANK BLACK', '', ''),
(1981, 'SAIYAN Z SERIES REAR SHOCK CLICK 330MM W/TANK SILVER', '', ''),
(1982, 'SAIYAN Z SERIES REAR SHOCK CLICK 330MM W/TANK BLUE', '', ''),
(1983, 'SAIYAN Z SERIES REAR SHOCK MIO 300MM W/TANK BLUE', '', ''),
(1984, 'SAIYAN Z SERIES REAR SHOCK MIO 300MM W/TANK BLACK', '', ''),
(1985, 'RCM FLYBALL AEROX/MIO 7GRAMS', '', ''),
(1986, 'RCM FLYBALL AEROX/MIO 8GRAMS', '', ''),
(1987, 'RCM FLYBALL AEROX/MIO 10GRAMS', '', ''),
(1988, 'RCM FLYBALL AEROX/MIO 12GRAMS', '', ''),
(1989, 'RCM FLYBALL AEROX/MIO 13GRAMS', '', ''),
(1990, 'RCM FLYBALL AEROX/MIO 14GRAMS', '', ''),
(1991, 'RCM FLYBALLSUZUKI/NEXT/ADDRESS 9GRAMS', '', ''),
(1992, 'RCM FLYBALL SUZUKI/NEXT/ADDRESS 10GRAMS', '', ''),
(1993, 'RCM FLYBALL SUZUKI/NEXT/ADDRESS 11GRAMS', '', ''),
(1994, 'RCM FLYBALL SUZUKI/NEXT/ADDRESS 13GRAMS', '', ''),
(1995, 'RCM FLYBALL BEAT FI/GY6 8GRAMS', '', ''),
(1996, 'RCM FLYBALL BEAT FI/GY6 9GRAMS', '', ''),
(1997, 'RCM FLYBALL BEAT FI/GY6 10GRAMS', '', ''),
(1998, 'RCM FLYBALL BEAT FI/GY6 11GRAMS', '', ''),
(1999, 'RCM FLYBALL BEAT FI/GY6 12GRAMS', '', ''),
(2000, 'RCM FLYBALL CLICK/SKYDRIVE 8GRAMS', '', ''),
(2001, 'RCM FLYBALL CLICK/SKYDRIVE 9GRAMS', '', ''),
(2002, 'RCM FLYBALL CLICK/SKYDRIVE 10GRAMS', '', ''),
(2003, 'RCM FLYBALL CLICK/SKYDRIVE 12GRAMS', '', ''),
(2004, 'RCM FLYBALL CLICK/SKYDRIVE 14GRAMS', '', ''),
(2005, 'RCM FLYBALL CLICK/SKYDRIVE 16GRAMS', '', ''),
(2006, 'RCM FLYBALL CLICK/SKYDRIVE 17GRAMS', '', ''),
(2007, 'RCM FLYBALL CLICK/SKYDRIVE 18GRAMS', '', ''),
(2008, 'RCM FLYBALL BEAT CARB/DIO 7GRAMS', '', ''),
(2009, 'RCM FLYBALL BEAT CARB/DIO 8GRAMS', '', ''),
(2010, 'RCM FLYBALL BEAT CARB/DIO 9GRAMS', '', ''),
(2011, 'RCM FLYBALLBEAT CARB/DIO 10GRAMS', '', ''),
(2012, 'RCM FLYBALL BEAT CARB/DIO 11GRAMS', '', ''),
(2013, 'RCM FLYBALL BEAT CARB/DIO 12GRAMS', '', ''),
(2014, 'RCM FLYBALL MIO SPORTY 6GRAMS', '', ''),
(2015, 'RCM FLYBALL MIO SPORTY 7GRAMS', '', ''),
(2016, 'RCM FLYBALL MIO SPORTY 8GRAMS', '', ''),
(2017, 'RCM FLYBALL MIO SPORTY 9GRAMS', '', ''),
(2018, 'RCM FLYBALL MIO SPORTY 10GRAMS', '', ''),
(2019, 'RCM FLYBALL MIO SPORTY 11GRAMS', '', ''),
(2020, 'RCM FLYBALL MIO SPORTY 12GRAMS', '', ''),
(2021, 'RCM CENTER SPRING M3 1000RPM', '', ''),
(2022, 'RCM CENTER SPRING M3 1200RPM', '', ''),
(2023, 'RCM CENTER SPRING M3 1500RPM', '', ''),
(2024, 'RCM CENTER SPRING MIO SPORTY 1000RPM', '', ''),
(2025, 'RCM CENTER SPRING MIO SPORTY 1200RPM', '', ''),
(2026, 'RCM CENTER SPRING MIO SPORTY1500RPM', '', ''),
(2027, 'RCM CENTER SPRING XMAX 1000RPM', '', ''),
(2028, 'RCM CENTER SPRING SKYDRIVE 1000RPM', '', ''),
(2029, 'RCM CENTER SPRING BEAT CARB/MXI 1200RPM', '', ''),
(2030, 'RCM LINNING PAD MIO', '', ''),
(2031, 'RCM LIGHTEN VALVES WAVE125', '', ''),
(2032, 'RCM LIGHTEN VALVES RAIDER 150', '', ''),
(2033, 'RCM LIGHTEN VALVES MIO', '', ''),
(2034, 'RCM MANUAL ISC  AEROX NMAX', '', ''),
(2035, 'BREMBO 4POT CALIPER AEROX', '', ''),
(2036, 'HAVOLIN GEAR OIL', '', ''),
(2037, 'RADIATOR COVER', '', ''),
(2038, 'HAVOLIN OIL SCOOTER 0.8ML', '', ''),
(2039, '24/28 HEAD MIO SPORTY', '', ''),
(2040, 'APR SEAT COVER MAY TAHI NMAX RED', '', ''),
(2041, 'APR SEAT COVER MAY TAHI NMAX BLACK', '', ''),
(2042, 'APR SEAT COVER AEROX BLACK', '', ''),
(2043, 'MAKOTO 6 LED', '', ''),
(2044, 'PODIUM PIPE CLICK', '', ''),
(2045, 'P19 MASTER', '', ''),
(2046, 'DUAL TANK BREMBO MASTER', '', ''),
(2047, 'SIGNAL LIGHT', '', ''),
(2048, 'HEAD LIGHT BULB', '', ''),
(2049, 'PLATINUM OIL 0.8ML', '', ''),
(2050, 'PLATINUM OIL 1L', '', ''),
(2051, 'KEIHIN ROUND SLIDE 28MM', '', ''),
(2052, 'KEIHIN ROUND SLIDE 26MM', '', ''),
(2053, 'KEIHIN ROUND SLIDE 24MM', '', ''),
(2054, 'KEIHIN FLAT SLIDE 30MM', '', ''),
(2055, 'KEIHIN FLAT SLIDE 28MM', '', ''),
(2056, 'RCM PULLEY SET W/DRIVE FACE NMAX', '', ''),
(2057, 'RCM PULLEY SET W/DRIVE FACE mio sporty', '', ''),
(2058, 'RCM CLUTCH BELL M3 MIO I 125', '', ''),
(2059, 'RCM PULLEY BUSHING MIO SPORTY', '', ''),
(2060, 'RCM JETTINGS #130', '', ''),
(2061, '14/41 GEAR MIO', '', ''),
(2062, 'CAM GEAR ADJUSTABLE AEROX/NMAX', '', ''),
(2063, '44k BG', '', ''),
(2064, 'CNC BLOCK WAVE125 STD', '', ''),
(2065, 'CNC BLOCK WAVE125 54MM', '', ''),
(2066, 'CNC BLOCK MIO STD', '', ''),
(2067, 'CNC BLOCK W100 54MM', '', ''),
(2068, 'CNC BLOCK XRM 110 53MM', '', ''),
(2069, 'CNC BLOCK XRM 110 54MM', '', ''),
(2070, 'CNC BLOCK XRM 110 STD', '', ''),
(2071, 'CNC BLOCK W100 STD', '', ''),
(2072, 'CNC BLOCK W100 53MM', '', ''),
(2073, 'PODIUM PIPE R150', '', ''),
(2074, 'SUPER SPEED PIPE BEAT FI', '', ''),
(2075, 'SUPER SPEED SWING ARM R150', '', ''),
(2076, 'SUPER SPEED SWING ARM WAVE125', '', ''),
(2077, 'KING DRAG LIGHTEN FRONT SHOCK WAVE125', '', ''),
(2078, 'KING DRAG LIGHTEN FRONT SHOCK MIO', '', ''),
(2079, '2DP PULLEY NMAX/AEROX YAMAHA', '', ''),
(2080, 'DRIVE FACE NMAX/AEROX YAMAHA', '', ''),
(2081, 'K44 BELT', '', ''),
(2082, 'YAMALUBE BLUECORE AT', '', ''),
(2083, 'YAMALUBE BLUE 1L', '', ''),
(2084, 'YAMALUBE BLUE 0.8', '', ''),
(2085, 'DOMINO CABLE UNIVERSAL', '', ''),
(2086, '5L BATTERY EXTREME SMALL', '', ''),
(2087, '4L BATTERY EXTREME ', '', ''),
(2088, 'LHK CAMSHAFT WAVE 125 STAGE1', '', ''),
(2089, 'LHK CAMSHAFT WAVE 125  STAGE2', '', ''),
(2090, 'LHK CAMSHAFT WAVE 125 STAGE3', '', ''),
(2091, 'DOMINO MDL TRI SWITCH', '', ''),
(2092, 'LEFT CRANKASE OIL SEAL CLICK125', '', ''),
(2093, 'VALVE SET UMBRELLA MIO/M3/MIOI125', '', ''),
(2094, 'OIL SEAL PRIMARY DRIVE MIO SPORTY', '', ''),
(2095, 'STARTER CLUTCH ASSY MIO SPORTY BENDIX BIDS', '', ''),
(2096, 'SPEEDOMETER SENSOR HONDA', '', ''),
(2097, 'RS8 BELL NMAX/AEROX', '', ''),
(2098, 'RS8 PULLEY SET ADV/PCX', '', ''),
(2099, 'RS8 PULLEY SET MIO SPORTY', '', ''),
(2100, 'RCM FLYBALL M3 13G', '', ''),
(2101, 'PULLEY SET PCX 150 BWIN', '', ''),
(2102, 'CLUTCH SHOE LINNING MIO BWIN', '', ''),
(2103, 'L9 DRAIN COVER MIO', '', ''),
(2104, 'L9 IDLE GEAR M3', '', ''),
(2105, 'L9 INJECTOR AEROX', '', ''),
(2106, 'JRP HANDLE GRIP ORIGINAL', '', ''),
(2107, 'KYB SHOCK SINGLE', '', ''),
(2108, 'KING DRAG LIGHTER OUTER TUBE WAVE125', '', ''),
(2109, 'KING DRAG LIGHTER OUTER TUBE MIO', '', ''),
(2110, 'MDL BRACKET MIO', '', ''),
(2111, 'MDL BRACKET NMAX', '', ''),
(2112, 'MTRT CAMSHAFT STG 1 MIO', '', ''),
(2113, 'MTRT CAMSHAFT STG 2 MIO', '', ''),
(2114, 'MTRT CAMSHAFT STG 3 MIO', '', ''),
(2115, 'OHLINS SHOCK W/TANK 300MM SCOOTER', '', ''),
(2116, 'DUAL CONTACT T15 PARK LIGHT', '', ''),
(2117, 'PITSBIKE RACING CDI MIO', '', ''),
(2118, 'PITSBIKE RACING DCI R150 REBORN', '', ''),
(2119, 'L9 REGULATOR M3', '', ''),
(2120, 'MASTER PUMP REPAIR KIT YAMAHA', '', ''),
(2121, 'MASTER PUMP REPAIR KIT HONDA', '', ''),
(2122, 'L9 STARTER MOTOR MIO 500CC', '', ''),
(2123, 'SAIYAN THROTTLE CABLE MIO', '', ''),
(2124, 'PITSBIKE VALVE SPRING MIO V2', '', ''),
(2125, 'PITSBIKE VALVE SPRING OVAL SPRING AEROX', '', ''),
(2126, 'L9 VALVES SMASH', '', ''),
(2127, 'L9 VALVES GY6 150', '', ''),
(2128, 'L9 VALVES GY6 125', '', ''),
(2129, 'L9 VALVES BC175', '', ''),
(2130, 'L9 VALVES WAVE125', '', ''),
(2131, 'L9 VALVES STX125', '', ''),
(2132, 'L9 VALVES TMX CDI', '', ''),
(2133, 'L9 VALVES CT100', '', ''),
(2134, 'L9 VALVES XRM 110', '', ''),
(2135, '2PH CYLINDER BLOCK KIT YAMAHA', '', ''),
(2136, 'PITSBIKE 59MM MIO I 125', '', ''),
(2137, 'ZENO PIPE NMAX', '', ''),
(2138, 'MTRT CERAMIC BORE KIT FOREGED PISTON 62MM NMAX155', '', ''),
(2139, 'DOMINO SWITCH ASSY YAMAHA', '', ''),
(2140, 'CRANKSHAFT POSITION SENSOR YAMAHA CKP AEROX', '', ''),
(2141, ' SHOWAR TORQUE DRIVE MALE AND FEMALE MIO', '', ''),
(2142, 'MTRT CYLINDER BORE KIT ALLOY BORE DOME PISTON 59MM MIO115', '', ''),
(2143, 'FI CLEANING CHEMICAL 44K BG.', '', ''),
(2144, 'HONDA CRANKCASE BEARING CLICK', '', ''),
(2145, 'MTRT VALVE SPRING 5 TURNS MIO', '', ''),
(2146, 'MTRT CAMSHAFT STG 2 NMAX V1/AEROX155', '', ''),
(2147, 'MTRT CAMSHAFT STG 1 MIO I 125', '', ''),
(2148, 'HONDA CRANKSHAFT POSITION SENSOR CKP', '', ''),
(2149, 'MTRT CERAMIC BORE KIT FOREGED PISTON 59MM MIO115', '', ''),
(2150, 'MTRT FUEL INJECTOR MIO I 125 130CC 6 HOLES', '', ''),
(2151, 'KOYO BEARING 6305', '', ''),
(2152, 'MTRT CAMSHAFT STG 2 MIO I 125', '', ''),
(2153, 'FTC TORQUE DRIVE NUT', '', ''),
(2154, 'YAMAHA SPORTY CAM GEAR', '', ''),
(2155, 'FTC CLUTCH BELL NUT', '', ''),
(2156, 'YAMAHA CAM GEAR MIO I 125', '', ''),
(2157, 'PITSBIKE VALVESPRING AEROX155 R1', '', ''),
(2158, 'SAIYAN ALLOY RIM GOLD', '', ''),
(2159, 'SAIYAN ALLOY RIM ORANGE', '', ''),
(2160, 'SAIYAN ALLOY RIM LIME GREEN', '', ''),
(2161, 'SAIYAN ALLOY RIM GREEN', '', ''),
(2162, 'SAIYAN ALLOY RIM BROWN', '', ''),
(2163, 'SAIYAN ALLOY RIM PINK', '', ''),
(2164, 'BALLRACE WAVE 125', '', ''),
(2165, 'BALLRACE C100', '', ''),
(2166, 'BALLRACE MIO', '', ''),
(2167, 'BALLRACE CT100', '', ''),
(2168, 'BALLRACE RAIDER 150', '', ''),
(2169, 'BALLRACE CLICK', '', ''),
(2170, 'PITSBIKE CONNECTING ROD MIO STD FORGED', '', ''),
(2171, 'PITSBIKE CRANKSHAFT BEARING MIO SIDE BEARING', '', ''),
(2172, 'PITSBIKE CRANK PIN 2.0', '', ''),
(2173, 'PITSBIKE CRANK PIN 3.0', '', ''),
(2174, 'YAMAHA MIO SPORTY TIMING CHAIN 90L', '', ''),
(2175, 'L9 CAMSHAFT MIO STD', '', ''),
(2176, 'L9 CAMSHAFT XRM 110 STD', '', ''),
(2177, 'L9 CAMSHAFT MIO I 125 M3 STD', '', ''),
(2178, 'SWITS BRAKE HOSE FRONT', '', ''),
(2179, 'APR SEAT COVER NMAX ', '', ''),
(2180, 'APIDO CDI MIO SPORTY', '', ''),
(2181, 'BRAKE FLUID COLORED', '', ''),
(2182, 'KEIHIN CARBURATOR 24MM', '', ''),
(2183, 'AIR FILTER MUSHROOM', '', ''),
(2184, 'DAYWAY 5L BATTERY', '', ''),
(2185, 'KAWASAKI OIL FILTER', '', ''),
(2186, 'BAJAJ OIL FILTER', '', ''),
(2187, 'SHOGUN SUZUKI OIL FILTER', '', ''),
(2188, 'YAMAHA OIL FILTER', '', ''),
(2189, 'SUZUKI RAIDER OIL FILTER', '', ''),
(2190, 'L9 VENDIX STARTER CLUTCH MIO', '', ''),
(2191, 'NATHONG FLAT SEAT CLICK', '', ''),
(2192, 'POWER TIRE 70 80 14', '', ''),
(2193, 'POWER TIRE 70 90 14', '', ''),
(2194, 'LAMBORGE9 TORQUE DRIVE MIO', '', ''),
(2195, 'LAMBORGE9 TORQUE DRIVE MIO I 125 M3', '', ''),
(2196, 'LAMBORGE9 REAR SHOCK NMAX AEROX 270MM', '', ''),
(2197, 'PLATINUM FORK OIL', '', ''),
(2198, 'FKI MAGNETO KIT XRM', '', ''),
(2199, 'FKI MAGNETO KIT TMX', '', ''),
(2200, 'TWM LEFT LEVER CLUTCH LEVER', '', ''),
(2201, 'BREMBO CALIPER CLICK BLACK', '', ''),
(2202, 'KOYO BEARING 6300', '', ''),
(2203, '3 LED HEAD LIGHT MAKOTO', '', ''),
(2204, 'SAIYAN AIR FILTER MIO I 125 M3', '', ''),
(2205, 'SAIYAN CARB REPAIR KIT BEAT/SCOOPY', '', ''),
(2206, 'SAIYAN CARB REPAIR KIT WAVE 125', '', ''),
(2207, 'SAIYAN CARB REPAIR KIT TMX SUPREMO', '', ''),
(2208, 'SAIYAN CARB REPAIR KIT TMX ALPHA', '', ''),
(2209, 'SAIYAN CARB REPAIR KIT WAVE 100R', '', ''),
(2210, 'SAIYAN CARB REPAIR KIT TMX CDI', '', ''),
(2211, 'SAIYAN CARB REPAIR KIT CT100', '', ''),
(2212, 'SAIYAN CARB REPAIR KIT BARAKO', '', ''),
(2213, 'SAIYAN CARB REPAIR KIT SMASH 115', '', ''),
(2214, 'SAIYAN CARB REPAIR KIT SNIPER', '', ''),
(2215, 'SAIYAN CARB REPAIR KIT GY6 125', '', ''),
(2216, 'SAIYAN CARB REPAIR KIT NSR28MM', '', ''),
(2217, 'SAIYAN CARB REPAIR KIT RAIDER 150', '', ''),
(2218, 'SAIYAN CARB REPAIR KIT MIO', '', ''),
(2219, 'SAIYAN CARB REPAIR KIT RS 100', '', ''),
(2220, 'SAIYAN FLYBALL M3 NMAX AEROX 11G', '', ''),
(2221, 'SAIYAN FLYBALL M3 NMAX AEROX 12G', '', ''),
(2222, 'SAIYAN FLYBALL M3 NMAX AEROX 13G', '', ''),
(2223, 'SAIYAN FLYBALL CLICK 14G', '', ''),
(2224, 'SAIYAN FLYBALL CLICK 15G', '', ''),
(2225, 'SAIYAN FLYBALL CLICK 16G', '', ''),
(2226, 'BEAST TIRE 110 70 13', '', ''),
(2227, 'ZENO OIL CLUTCH EXCEL RED 0.8L', '', ''),
(2228, 'ZENO OIL CLUTCH EXCEL RED 1L', '', ''),
(2229, 'ZENO OIL SCOOTER PRO BLUE 0.8L', '', ''),
(2230, 'ZENO OIL SCOOTER PRO BLUE 1L', '', ''),
(2231, 'SAIYAN FLYBALL GY6 BEAT FI 12G', '', ''),
(2232, 'SAIYAN FLYBALL M3 NMAX AEROX 13', '', ''),
(2233, 'SAIYAN FLYBALL M3 NMAX AEROX 14G', '', ''),
(2234, 'SAIYAN FLYBALL CLICK 17G', '', ''),
(2235, 'SAIYAN FLYBALL CLICK 10G', '', ''),
(2236, 'POWER TIRE 60 80 17', '', ''),
(2237, 'POWER TIRE 70 90 17', '', ''),
(2238, 'KOYO BEARING 6201', '', ''),
(2239, 'OSRAM LED HEADLIGHT', '', ''),
(2240, 'SAIYAN FLYBALL CLICK 11G', '', ''),
(2241, 'MAGIC STAR MINI DRIVING LIGHT V6', '', ''),
(2242, 'GRIPPER INTERIOR 2.50 14', '', ''),
(2243, 'GRIPPER INTERIOR 2.75 17', '', ''),
(2244, 'GRIPPER INTERIOR 1.75 14', '', ''),
(2245, 'GRS INTERIOR 2.75 14', '', ''),
(2246, 'SLV INTERIOR 2.25 17', '', ''),
(2247, 'LAMBORGE9 BRAKE SHOE BEAT', '', ''),
(2248, 'FORTUNE HORN PIPIP', '', ''),
(2249, 'CNC AXLE RAIDER WAVE FRONT', '', ''),
(2250, 'CNC AXLE WAVE REAR LONG', '', ''),
(2251, 'CNC AXLE RAIDER SONIC REAR', '', ''),
(2252, 'CNC AXLE NMAX FRONT', '', ''),
(2253, 'CNC AXLE CLICK FRONT', '', ''),
(2254, 'CNC AXLE MIO FFRONT', '', ''),
(2255, 'LAMBORGE9 REGULATOR FULL WAVE RUSI 5 WIRES', '', ''),
(2256, 'SAIYAN PULLEY SET WITH DRIVE FACE CLICK', '', ''),
(2257, 'SGP CLUTCH CABLE RAIDER', '', ''),
(2258, 'PODIUM PIPE NMAX V2 AEROX V2', '', ''),
(2259, 'BWIN HALF SHEAVE FEMALE TORQUE DRIVE MIO I 125 M3', '', ''),
(2260, 'BWIN HALF SHEAVE FEMALE TORQUE DRIVE AEROX NMAX', '', ''),
(2261, 'YAMAHA PULLEY OIL SEAL MIO 125 M3', '', ''),
(2262, 'YAMAHA FUEL FILTER', '', ''),
(2263, 'BWIN ROCKER ARM NMAX', '', ''),
(2264, 'SAIYAN CLUTCH CABLE ROUSER 135', '', ''),
(2265, 'YAMAHA LEVER MIO I 125', '', ''),
(2266, 'DOMINO LEVER MIO SPORTY', '', ''),
(2267, 'BWIN LIGHTEN VALVES NMAX STOCK', '', ''),
(2268, 'SAIYAN ROCKER ARM MIO', '', ''),
(2269, 'HONDA FRONT FORK OIL SEAL WITH DUST SEAL', '', ''),
(2270, 'SAIYAN AIR FILTER AEROX 155', '', ''),
(2271, 'APIDO AIR FILTER PCX', '', ''),
(2272, 'SAIYAN FLYBALL GY6 BEAT FI 11G', '', ''),
(2273, 'SAIYAN FLYBALL M3 NMAX AEROX 10G', '', ''),
(2274, 'SAIYAN FLYBALL CLICK 13G', '', ''),
(2275, 'SAIYAN FLYBALL GY6 BEAT FI 13G', '', ''),
(2276, 'SAIYAN FLYBALL MIO 8G', '', ''),
(2277, 'SAIYAN FLYBALL GY6 BEAT FI 10G', '', ''),
(2278, 'SAIYAN FLYBALL MIO 10G', '', ''),
(2279, 'SAIYAN FLYBALL MIO 9G', '', ''),
(2280, 'SUPER SPEED PIPE MIO SPORTY', '', ''),
(2281, 'ZENO LIGHTEN SWING ARM +2 WAVE', '', ''),
(2282, 'SUPER SPEED REAR SHOCK MIO 300MM', '', ''),
(2283, 'BWIN CENTER SPRING MIO 1000RPM', '', ''),
(2284, 'BWIN CENTER SPRING MIO 1200RPM', '', ''),
(2285, 'PLATINUM 4T 200ML', '', ''),
(2286, 'BWIN TORQUE DRIVE MIO', '', ''),
(2287, 'PODIUM PIPE WAVE100', '', ''),
(2288, 'ECO DRIVE BATTERY 5L', '', ''),
(2289, 'OD BATTERY MATANGKAD 5L', '', ''),
(2290, 'SAIYAN FLYBALL GY6 BEAT FI 14G', '', ''),
(2291, 'SAIYAN FRONT SHOCK WAVE 100 D.B.', '', ''),
(2292, 'SAIYAN FRONT SHOCK WAVE 125 S', '', ''),
(2293, 'SAIYAN FRONT SHOCK MIO', '', ''),
(2294, 'SAIYAN FRONT SHOCK CLICK FI', '', ''),
(2295, 'BOSCH SPARKPLUG WAVE125 (LONG)', '', ''),
(2296, 'BOSCH SPARKPLUG MIO (SHORT)', '', ''),
(2297, 'HONDA WATERPUMP ASSY CLICK/PCX', '', ''),
(2298, 'YAMAHA PULLEY OIL SEAL M3 ', '', ''),
(2299, 'YAMHA SLIDER ', '', ''),
(2300, 'AIRFILTER CLICK ', '', ''),
(2301, 'HENG ABS SENSOR NMAX/AEROX', '', ''),
(2302, 'OIL FITER YAMAHA/SUZUKI', '', ''),
(2303, 'HONDA WATER JOINT COMP/WATER HOUSE', '', ''),
(2304, 'SAIYAN OVERHAULING GASKET R150', '', ''),
(2305, 'SAIYAN OVERHAULING GASKET WAVE 125', '', ''),
(2306, 'SAIYAN OVERHAULING GASKET SHOGUN', '', ''),
(2307, 'SAIYAN OVERHAULING GASKET SMASH 115', '', ''),
(2308, 'SAIYAN OVERHAULING GASKET XRM110', '', ''),
(2309, 'ZENO FLATSEAT WAVE 125 I', '', ''),
(2310, 'ZENO FLATSEAT WAVE 125R', '', ''),
(2311, 'NATHVNG FLATSEAT CLICK', '', ''),
(2312, 'SUPER OIL 10W-40', '', ''),
(2313, 'SUPER OIL 20W-50', '', ''),
(2314, 'BEAST TIRE 110/70-13', '', ''),
(2315, 'SAIYAN PAD TRINITY', '', ''),
(2316, 'SAIYAN CONNECTING ROD MIO', '', ''),
(2317, 'BRAKE REPAIR KIT BEAT', '', ''),
(2318, 'BRAKE REPAIR KIT XRM', '', ''),
(2319, 'SUPER SPEED OIL BLUE 0.8ML', '', ''),
(2320, 'SUPER SPEED PIPE SOULTY', '', ''),
(2321, 'SUPER SPEED PIPE M3', '', ''),
(2322, 'JRP TPOST R150', '', ''),
(2323, 'YAGUSO SPOKES 9GX155', '', ''),
(2324, 'YAGUSO SPOKES 9GX157', '', ''),
(2325, 'YAGUSO SPOKES 9GX162', '', ''),
(2326, 'YAGUSO SPOKES 9GX184', '', ''),
(2327, 'YAGUSO SPOKES 9GX150', '', ''),
(2328, '5MX - 32176-00 TIMING GEAR', '', ''),
(2329, '2PH - E2176 - 01 TIMING GEAR', '', ''),
(2330, 'NUT CLUTCH HOUSING MIO', '', ''),
(2331, 'NUT TORQUE DRIVE MIO/NOUVO/FINO', '', ''),
(2332, 'BUTA DISC NMAX F/R 3.5MM', '', ''),
(2333, 'TIMING CHAIN YAMAHA SPORTY', '', ''),
(2334, '2DP PULLEY/DRIVEFACE', '', ''),
(2335, '2DP PULLEY ', '', ''),
(2336, 'ROCKER ARM 2P2 - E2151-00', '', ''),
(2337, 'K36 BELT', '', ''),
(2338, 'K97 BELT', '', ''),
(2339, 'DISC MIO 200MM 4 HOLES', '', ''),
(2340, 'DISC SMASH110 FRONT 220MM', '', ''),
(2341, 'OIL SEAL PULLEY SIDE M3', '', ''),
(2342, 'OIL SEAL NMAX', '', ''),
(2343, 'OIL SEAL 93102 - 20815', '', ''),
(2344, 'SPARK PLUG CUP MIO', '', ''),
(2345, 'KING DRAG FRONT SHOCK MIO', '', ''),
(2346, 'KING DRAG FRONT SHOCK WAVE125', '', ''),
(2347, 'DOMINO HANDLE SWITCH W/ HAZZARD MIO/AEROX', '', ''),
(2348, 'PETRON OIL PAMBANTO', '', ''),
(2349, 'DOUBLE CONTACT', '', ''),
(2350, 'MDL BRACKET NMAX 2020', '', ''),
(2351, 'MDL BRACKET MIO SPORTY/SOULTY', '', ''),
(2352, 'MDL BRACKET R150', '', ''),
(2353, 'HANDLE GRIP JRP ORDINARY', '', ''),
(2354, 'HANDLE GRIP JRP ORIGINAL', '', ''),
(2355, 'DRAIN PLUG MIO', '', ''),
(2356, 'MIO 1 KAHA BLUE', '', ''),
(2357, 'MIO 1 KAHA ORANGE', '', ''),
(2358, 'CKP SENSOR HONDA', '', ''),
(2359, 'CKP SENSOR YAMAHA', '', ''),
(2360, 'HMA HEADLIGHT WINKER', '', ''),
(2361, 'P19 BREMBO SINGLE TANK', '', ''),
(2362, 'CNC BODY BOLTS YAMAHA 5X15 ', '', ''),
(2363, 'SUPER SPEED SWING ARM WAVE', '', ''),
(2364, 'SAIYAN REAR SHOCK W/OUT TANK NMAX 305MM', '', ''),
(2365, 'SAIYAN REAR SHOCK W/OUT TANK NMAX 335MM', '', ''),
(2366, 'SHELL OIL SET', '', ''),
(2367, 'BALL RACE CLICK', '', ''),
(2368, 'BALL RACE CT100', '', ''),
(2369, 'BALL RACE R 150', '', ''),
(2370, 'SIGNAL LIGHT SOCKET', '', ''),
(2371, 'THROTTLE PIPE MIO', '', '');
INSERT INTO `products` (`barcode`, `productname`, `description`, `model`) VALUES
(2372, 'DOMINO QUICK THROTLLE W/SWITCH', '', ''),
(2373, 'DOMINO QUICK THROTTLE DUAL CABLE', '', ''),
(2374, 'HORN RELAY W/HARNESS', '', ''),
(2375, 'FRONT BRAKE LIGHT SWITCH', '', ''),
(2376, 'PEANUT BULB', '', ''),
(2377, 'FRONT BRAKE LIGHT SWITCH MIO', '', ''),
(2378, 'REAR BRAKE LIGHT SWITCH', '', ''),
(2379, 'LAMBORGE9 BRAKESHOE BEAT CLICK', '', ''),
(2380, 'DOMINO MDL SWITCH TRI SWITCH', '', ''),
(2381, 'ZENO OIL SCOOTER PRO 1L BLUE', '', ''),
(2382, 'BWIN CLUTCH SPRING 1200 CLICK', '', ''),
(2383, 'BWIN CENTER 1200 BEAT FI', '', ''),
(2384, 'BWIN CENTER 1500 CLICK', '', ''),
(2385, 'BWIN CENTER 1500 PCX', '', ''),
(2386, 'LAMBOREGE9 HUB N MILE WAVE', '', ''),
(2387, 'SAIYAN SPROCKET SET TMX 14 38', '', ''),
(2388, 'SAIYAN SPROCKET SET 14 38', '', ''),
(2389, 'SAIYAN SPROCKET SET XRM 14 36', '', ''),
(2390, 'SAIYAN SPROCKET SET XRM 14 38', '', ''),
(2391, 'YAMALUBE AT BLUECORE', '', ''),
(2392, 'SAIYAN HEAVY DUTY CHAIN 110L', '', ''),
(2393, 'SAIYAN HEAVY DUTY CHAIN 120L', '', ''),
(2394, 'SAIYAN HEAVY DUTY CHAIN 130L', '', ''),
(2395, 'SAIYAN CLUTCH CABLE RAIDER 150', '', ''),
(2396, 'SAIYAN CLUTCH CABLE TC 125', '', ''),
(2397, 'SC SIAM CNC AXLE WAVE', '', ''),
(2398, 'SC SIAM CNC AXLE RAIDER SONIC REAR', '', ''),
(2399, 'SC SIAM CNC AXLE AEROX', '', ''),
(2400, 'SC SIAM CNC AXLE NMAX', '', ''),
(2401, 'RCM MANUAL ISC AEROX NMAX', '', ''),
(2402, 'BG THROTTLE BODY CLEANER', '', ''),
(2403, 'SC SIAM FRONT AXLE MIO', '', ''),
(2404, 'SC SIAM FRONT AXLE CLICK', '', ''),
(2405, 'SC SIAM REAR AXLE WAVE', '', ''),
(2406, 'SC SIAM FRONT AXLE AEROX', '', ''),
(2407, 'SC SIAM FRONT AXLE NMAX', '', ''),
(2408, 'CNC REAR NUT MIO', '', ''),
(2409, 'CNC REAR NUT CLICK', '', ''),
(2410, 'CNC CRANKCASE BOLTS PCX', '', ''),
(2411, 'CNC CRANKCASE BOLTS RAIDER 150 FI', '', ''),
(2412, 'CNC CRANKCASE BOLTS CLICK', '', ''),
(2413, 'CNC CRANKCASE BOLTS MIO', '', ''),
(2414, 'PODIUM PIPE NMAX V2', '', ''),
(2415, 'ZENO SWING ARM W125', '', ''),
(2416, 'ZENO 1.0L MANUAL', '', ''),
(2417, 'ZENO 0.8L MANUAL', '', ''),
(2418, 'OVERHAUL GASKET GY6 150', '', ''),
(2419, 'OVERHAUL GASKET GY6125', '', ''),
(2420, 'OVERHAULING GASKET SNIPER 135', '', ''),
(2421, 'OVERHAULING GASKET ROUSRER135', '', ''),
(2422, 'OVERHAULING GASKET HD3', '', ''),
(2423, 'OVERHAULING GASKET LIFAN 110', '', ''),
(2424, 'OVERHAULING GASKET C100', '', ''),
(2425, 'OVERHAULING GASKET RS100', '', ''),
(2426, 'OVERHAULING GASKET TMX155', '', ''),
(2427, 'OVERHAULING GASKET TMX125', '', ''),
(2428, 'OVERHAULING GASKET XRM110', '', ''),
(2429, 'OVERHAULING GASKET RAIDER 150', '', ''),
(2430, 'OVERHAULING GASKET SHOGUN', '', ''),
(2431, 'OVERHAULING GASKET SMASH115', '', ''),
(2432, 'OVER HAULING GASKET CG150/LIFAN150', '', ''),
(2433, 'OVERHAULING GASKET BC175', '', ''),
(2434, 'OVERHAULING GASKET CB125', '', ''),
(2435, 'OVERHAULING GASKET LIFAN 125', '', ''),
(2436, 'OVERHAULING GASKET BAJAJ/CT100', '', ''),
(2437, 'MOTUL SCOOTER 0.8', '', ''),
(2438, 'SAIYAN BRAKEPAD CLICK', '', ''),
(2439, 'BOSCH SPARKSPLUG WAVE (LONG)', '', ''),
(2440, 'JRP HANDGRIP ORIG', '', ''),
(2441, 'ZENO BLUE 0.8L', '', ''),
(2442, 'ZENO BLUE 1L', '', ''),
(2443, 'SAIYAN FLYBALL M3 10G', '', ''),
(2444, 'SAIYAN FLYBALL M3 11G', '', ''),
(2445, 'SAIYAN FLYBALL M3 12G', '', ''),
(2446, 'ZENO FLATSEAT ADV 150', '', ''),
(2447, 'ZENO FLATSEAT CLICK160', '', ''),
(2448, 'ZENO FLATSEAT WAVE 100', '', ''),
(2449, 'ZENO FLATSEAT MIO SOUL GT', '', ''),
(2450, 'FLATSEAT CLICK125', '', ''),
(2451, 'TORQUE DRIVE BEARING HONDA', '', ''),
(2452, 'MOTUL 1L', '', ''),
(2453, '                                        SAIYAN PAD TRINITY', '', ''),
(2454, 'MTRT 11G MIO 125', '', ''),
(2455, 'DS4 RADIATOR COVER', '', ''),
(2456, 'APR SEAT COVER AT AEROX RED', '', ''),
(2457, 'DORAEMON CALIPER', '', ''),
(2458, 'YAMALUBE BLUE CORE AT 1L', '', ''),
(2459, 'LAZX MUSHROOM', '', ''),
(2460, 'CELLPHONE HOLDER ORDINARY', '', ''),
(2461, 'PITSBIKE CLUTCH DUMPER SNIPER', '', ''),
(2462, '2B5 BELT AEROX', '', ''),
(2463, ' CAMSHAFT XRM 110 L9', '', ''),
(2464, ' CAMSHAFT WAVE 125', '', ''),
(2465, 'SWITS HOSE FRONT', '', ''),
(2466, 'LIGHTEN DISC MIO SPORTY 4 HOLES 200MM', '', ''),
(2467, 'MTRT 5TURNS VALVESPRING MIO', '', ''),
(2468, 'RCM FLYBALL MIO I125 AEROX 7G', '', ''),
(2469, 'RCM CLUTCH SPRING MIO 1000RPM WHITE', '', ''),
(2470, 'RCM CENTER SPRING MIO I 125 BEAT CDI MX I 1200RPM', '', ''),
(2471, 'TDD TRI LED', '', ''),
(2472, 'MOKOTO TRI LED', '', ''),
(2473, 'MOTOR TECH BRAKE PAD MIO I 125', '', ''),
(2474, 'SAIYAN REAR SHOCK Z SERIES NMAX WITH TANK 335MM YELLOW', '', ''),
(2475, 'SAIYAN REAR SHOCK Z SERIES WITH TANK NMAX 335MM BLUE', '', ''),
(2476, 'SAIYAN REAR SHOCK Z SERIES NMAX WITHOUT TANK 305MM SILVER', '', ''),
(2477, 'SAIYAN REAR SHOCK Z SERIES WITHOUT TANK NMAX 335MM WHITE', '', ''),
(2478, 'SAIYAN REAR SHOCK Z SERIES WITHOUT TANK NMAX 335MM GOLD', '', ''),
(2479, 'SAIYAN REAR SHOCK Z SERIES WITHOUT TANK NMAX 335MM BLUE', '', ''),
(2480, 'SAIYAN REAR SHOCK Z SERIES WITHOUT TANK NMAX 335MM SILVER', '', ''),
(2481, 'BWIN CYLINDER BLOCK MIO I 125 M3 STD 52.4MM', '', ''),
(2482, 'BWIN CYLINDER BLOCK MIO AMORE STD 50MM', '', ''),
(2483, 'BWIN CYLINDER BLOCK MIO I 125 M3 59MM', '', ''),
(2484, 'BWIN CYLINDER BLOCK MIO 115 54MM', '', ''),
(2485, 'BWIN CYLINDER BLOCK CLICK 125 STD 52.4MM', '', ''),
(2486, 'FUSE RED', '', ''),
(2487, 'RS8 GEAR OIL', '', ''),
(2488, 'OHLINS REAR SHOCK', '', ''),
(2489, 'LAMBORGE9 REAR SHOCK NMAX AEROX BLACK RED', '', ''),
(2490, 'LAMBORGE9 REAR SHOCK NMAX AEROX BLACK BLUE', '', ''),
(2491, 'LAMBORGE9 REAR SHOCK NMAX AEROX', '', ''),
(2492, 'LIGHTEN DISC MIO 190MM 4 HOLES', '', ''),
(2493, 'RS8 MAGIC ALL IN ONE', '', ''),
(2494, 'SHELL ADVANCE AX5 15W 40 800ML', '', ''),
(2495, 'SHELL ADVANCE AX5 15W 40 1L', '', ''),
(2496, 'SHELL ADVANCE AX3 20W 40 800ML', '', ''),
(2497, 'SHELL ADVANCE AX3 20W 40 1L', '', ''),
(2498, 'SHELL ADVANCE AX7 10W 40 800ML', '', ''),
(2499, 'SHELL ADVANCE AX7 10W 40 1L', '', ''),
(2500, 'KOBY TIRE SEALANT', '', ''),
(2501, 'OD BATTERY 5L SPORTY', '', ''),
(2502, 'DAYWAY 5L SPORTY', '', ''),
(2503, 'EXTREME BATTERY 4L', '', ''),
(2504, 'HORN PIPIP FORTUNE', '', ''),
(2505, 'LAMBORGE9 BRAKE SHOE BEAT CLICK', '', ''),
(2506, 'BWIN DEGREASER', '', ''),
(2507, 'SUZUKI OIL FILTER', '', ''),
(2508, 'PODIUM PIPE WAVE 125', '', ''),
(2509, 'PODIUM PIPE WAVE 100', '', ''),
(2510, 'SUPER SPEED PIPE MIO I 125', '', ''),
(2511, 'CKP SENSOR HONDA CLICK BEAT', '', ''),
(2512, 'LAMBORGE9 IDLE GEAR MIO', '', ''),
(2513, 'MOTOR TECH SPEEDOMETER GEAR BOX', '', ''),
(2514, 'LAMBORGE9 BACKPLATE MIO I 125', '', ''),
(2515, 'CKP SENSOR YAMAHA AEROX NMAX', '', ''),
(2516, '5MX CAM GEAR MIO', '', ''),
(2517, 'SLIDER PIECE HONDA BEAT', '', ''),
(2518, 'SLIDER PIECE CLICK', '', ''),
(2519, 'DIY RADIATOR HOSE LC150', '', ''),
(2520, 'YAMAHA PULLEY OIL SEAL MIO I 125', '', ''),
(2521, 'DOMINO HANDLE SWITCH MIO', '', ''),
(2522, 'HONDA VALVE SEAL', '', ''),
(2523, 'LAMBORGE9 5 WIRES REGULATOR FULL WAVE', '', ''),
(2524, 'MAGIC STAR DUAL CONTACT ', '', ''),
(2525, 'LAMBORGE9 STARTER BIDS REPAIR KIT MIO', '', ''),
(2526, 'LAMBORGE9 STARTER BIDS REPAIR KIT XRM', '', ''),
(2527, 'LAMBORGE9 CAMSHAFT STD MIO SPORTY', '', ''),
(2528, 'LAMBORGE9 CAMSHAFT STD MIO I 125 M3', '', ''),
(2529, 'LAMBORGE9 CAMSHAFT STD XRM 110', '', ''),
(2530, 'LAMBORGE9 CAMSHAFT STD WAVE 125', '', ''),
(2531, 'LAMBORGE9 CAMSHAFT STD NMAX', '', ''),
(2532, 'LAMBORGE9 CAMSHAFT STD SMASH', '', ''),
(2533, 'RS8 CENTER SPRING BEAT FI 1200RPM', '', ''),
(2534, 'RS8 CENTER SPRING BEAT FI 1000RPM', '', ''),
(2535, 'RS8 CENTER SPRING MIO SPORTY 1000RPM', '', ''),
(2536, 'YAMAHA GENUINE FUEL FILTER', '', ''),
(2537, 'PITSBIKE VALVESPRING 5 TURNS MIO', '', ''),
(2538, 'ZENO CLUTCH EXCEL 20W 50 1L', '', ''),
(2539, 'ZENO CLUTCH EXCEL 20W 50 800ML', '', ''),
(2540, 'ZENO SCOOTER PRO 10W 40 1L', '', ''),
(2541, 'ZENO SCOOTER PRO 10W 40 800ML', '', ''),
(2542, 'BWIN CLUTCH BELL MIO I 125 M3', '', ''),
(2543, 'BWIN CLUTCH BELL MIO 100 SPORTY', '', ''),
(2544, 'BWIN CLUTCH BELL PCX', '', ''),
(2545, 'BWIN CLUTCH BELL NMAX AEROX', '', ''),
(2546, 'BWIN CLUTCH BELL CLICK', '', ''),
(2547, 'BWIN PULLEY SET MIO SPORTY', '', ''),
(2548, 'BWIN PULLEY SET CLICK 125', '', ''),
(2549, 'BWIN PULLEY SET MIO I 125 M3', '', ''),
(2550, 'BWIN PULLEY SET PCX', '', ''),
(2551, '2PH BLOCK SET MIO I 125', '', ''),
(2552, 'LAMBORGE9 CLUTCH SHOE NMAX AEROX', '', ''),
(2553, 'LAMBORGE9 CLUTCH SHOE MIO SPORTY', '', ''),
(2554, 'KING DRAG BRAKE HOSE REAR', '', ''),
(2555, 'DOMINO THROTTLE CABLE UNIVERSAL', '', ''),
(2556, 'BWIN SLIDING SHEAVE WITH ADAPTOR MIO I 125 M3 HALF ', '', ''),
(2557, 'BWIN SLIDING SHEAVE WITH ADAPTOR AEROX NMAX HALF ', '', ''),
(2558, 'BWIN SLIDING SHEAVE WITH ADAPTOR MIO 100 SPORTY HALF ', '', ''),
(2559, 'BWIN TORQUE DRIVE ASSY PCX', '', ''),
(2560, '5TL BELT MIO SPORTY', '', ''),
(2561, '2PH BELT MIO I 125', '', ''),
(2562, '44D BELT MXI', '', ''),
(2563, 'RCM OIL PUMP MIO SPORTY', '', ''),
(2564, 'RCM CLUTCH LINING PAD ONLY MIO SPORTY', '', ''),
(2565, 'BWIN CENTER SPRING MIO SPORTY 1000RPM', '', ''),
(2566, 'BWIN CENTER SPRING MIO SPORTY 1200RPM', '', ''),
(2567, 'BWIN CLUTCH SHOE LINNING PCX', '', ''),
(2568, 'BWIN CLUTCH SHOE LINNING MIO I 125 M3', '', ''),
(2569, 'BWIN CLUTCH SHOE LINNING BEAT FI', '', ''),
(2570, 'BWIN CLUTCH SHOE LINNING MIO SPORTY', '', ''),
(2571, 'BWIN FLYBALL MIO I 125 NMAX AEROX 10G', '', ''),
(2572, 'BWIN FLYBALL MIO I 125 NMAX AEROX 9G', '', ''),
(2573, 'BWIN FLYBALL CLICK 16G', '', ''),
(2574, 'BWIN FLYBALL MIO SPORTY 8G', '', ''),
(2575, 'BWIN FLYBALL MIO I 125 NMAX AEROX 8G', '', ''),
(2576, 'BWIN FLYBALL BEAT FI 13G', '', ''),
(2577, 'BWIN FLYBALL BEAT FI 12G', '', ''),
(2578, 'BWIN CENTER SPRING  NMAX 1000RPM', '', ''),
(2579, 'MOTUL OIL SCOOTER 800ML', '', ''),
(2580, 'MOTUL OIL SCOOTER 1L', '', ''),
(2581, 'MOTUL OIL 3000PLUS 1L', '', ''),
(2582, 'LAMBORGE9 ENGINE VALVES ASSORTED ANY MOTORS', '', ''),
(2583, 'LAMBORGE9 PISTON KIT MIO SPORTY 59MM', '', ''),
(2584, 'LAMBORGE9 PISTON KIT MIO SPORTY 50MM STD', '', ''),
(2585, 'APR SEAT COVER ASSORTED', '', ''),
(2586, 'AUTOMOTIVE SINGLE WIRE', '', ''),
(2587, 'BG 44K CHEMICAL', '', ''),
(2588, 'CNC BODY BOLTS 5X15', '', ''),
(2589, 'BWIN ENGINE VALVES LIGHTEN MIO 100', '', ''),
(2590, 'BWIN ENGINE VALVES LIGHTEN NMAX 19 22', '', ''),
(2591, 'BWIN ENGINE VALVES LIGHTEN NMAX 20 23', '', ''),
(2592, 'BWIN ROLLER TYPE ROCKER ARM MIO', '', ''),
(2593, 'BWIN CENTER SPRING MIO I 125 M3 1500RPM', '', ''),
(2594, 'BWIN CENTER SPRING BEAT FI 1500RPM', '', ''),
(2595, 'BWIN CENTER SPRING PCX 1500RPM', '', ''),
(2596, 'KEIHIN CARBURATOR 26MM ROUND SLIDE', '', ''),
(2597, 'KEIHIN CARBURATOR 28MM ROUND SLIDE', '', ''),
(2598, 'BWIN CLUTCH SPRING MIO 1000RPM', '', ''),
(2599, 'BWIN CLUTCH SPRING MIO 1200RPM', '', ''),
(2600, 'TTGR ANTI THEFT IGNITION SWITCH CLICK', '', ''),
(2601, 'TTGR ANTI THEFT IGNITION SWITCH MIO SPORTY', '', ''),
(2602, 'BREMBO CALIPER DORAEMON BRONZE', '', ''),
(2603, 'APR SEAT MAY TAHI MEDIUM BLACK', '', ''),
(2604, 'APR SEAT COVER MAY TAHI SMALL RED', '', ''),
(2605, 'DS4 RAD COVER', '', ''),
(2606, 'AIR BREATHER', '', ''),
(2607, 'TRI SWITCH BEAT', '', ''),
(2608, 'OD BATTERY 12N 5L', '', ''),
(2609, 'OD BATTERY YTX 4L', '', ''),
(2610, 'RAM AIR PCX B1', '', ''),
(2611, 'RAM AIR PCX B2', '', ''),
(2612, 'RAM AIR NMAX 2020', '', ''),
(2613, 'RAM AIR NMAX 2020 B1', '', ''),
(2614, 'DISC MIO 200MM', '', ''),
(2615, 'DISC MIO SOUL 190MM 3 HOLES', '', ''),
(2616, 'DISC MIO 190MM 4 HOLES', '', ''),
(2617, 'RCM PULLEY SET NMAX', '', ''),
(2618, 'RCM FLYBALL SKYDRIVE 9G', '', ''),
(2619, 'RCM FLYBALL SKYDRIVE 10G', '', ''),
(2620, 'RCM FLYBALL SKYDRIVE 11G', '', ''),
(2621, 'RCM FLYBALL MIO I 125 13G', '', ''),
(2622, 'RCM FLYBALL MIO I 125 10G', '', ''),
(2623, 'RCM FLYBALL MIO I 125 7G', '', ''),
(2624, 'RCM FLYBALL BEAT FI 12G', '', ''),
(2625, 'RCM FLYBALL SKYDRIVE 14G', '', ''),
(2626, 'RCM FLYBALL SUZUKI/ADDRESS/NEXT 13G', '', ''),
(2627, 'RCM FLYBALL SUZUKI/ADDRESS/NEXT 10G', '', ''),
(2628, 'RCM FLYBALL SKYDRIVE 8G', '', ''),
(2629, 'RCM FLYBALL SUZUKI/ADDRESS/NEXT 9G', '', ''),
(2630, 'YAMALUBE FYN 800ML', '', ''),
(2631, 'YAMALUBE FYN 1L', '', ''),
(2632, 'YAMALUBE FYN AT 1L', '', ''),
(2633, 'HAVOLIN YELLOW 800ML', '', ''),
(2634, 'PLATINUM 200ML', '', ''),
(2635, 'RCM CLUTCH SPRING M3 1000RPM', '', ''),
(2636, 'RCM CLUTCH SPRING M3 1200RPM', '', ''),
(2637, '5L BATTERY EXTREME', '', ''),
(2638, 'EARLS HOSE SHORT', '', ''),
(2639, 'EARLS HOSE LONG', '', ''),
(2640, 'NMAX BUTA SET', '', ''),
(2641, 'SAIYAN RIM LIME ORANGE', '', ''),
(2642, 'SAIYAN RIM GOLD', '', ''),
(2643, 'SAIYAN RIM GREEN', '', ''),
(2644, 'SAIYAN RIM BROWN', '', ''),
(2645, 'SAIYAN RIM RED', '', ''),
(2646, 'SAIYAN RIM PINK', '', ''),
(2647, 'SAIYAN RIM SKYBLUE', '', ''),
(2648, 'SAIYAN RIM VIOLET', '', ''),
(2649, 'SAIYAN RIM LIGHT GREEN', '', ''),
(2650, 'SAIYAN RIM BLACK', '', ''),
(2651, 'SAIYAN KICK STARTER GEAR', '', ''),
(2652, 'SAIYAN CLUTCH CABLE SNIPER155', '', ''),
(2653, 'SAIYAN CLUTCH CABLE SHOGUN', '', ''),
(2654, 'SAIYAN CLUTCH CABLE TC', '', ''),
(2655, 'SAIYAN CLUTCH CABLE XRM', '', ''),
(2656, 'SAIYAN THROTTLE CABLE MIO RACING', '', ''),
(2657, 'SAIYAN THROTTLE CABLE SKYDRIVE', '', ''),
(2658, 'SAIYAN STARTER RELAY 4 PIN CLICK', '', ''),
(2659, 'SAIYAN CDI MIO SOUL', '', ''),
(2660, 'SAIYAN CDI TMX 125', '', ''),
(2661, 'SAIYAN REGULATOR LIFAN150', '', ''),
(2662, 'SAIYAN HORN RELAY 4PIN', '', ''),
(2663, 'KOYO BEARING 6202', '', ''),
(2664, 'SAIYAN BRAKE SHOE MIO REAR', '', ''),
(2665, 'SAIYAN MAIN SWITCH XRM110', '', ''),
(2666, 'SAIYAN CYLINDER BLOCK NMAX STD', '', ''),
(2667, 'SAIYAN CYLINDER BLOCK CLICK 125 STD', '', ''),
(2668, 'SAIYAN CYLINDER BLOCK CLICK 150', '', ''),
(2669, 'SAIYAN CYLINDER BLOCK MIO I 125 59mm', '', ''),
(2670, 'SAIYAN CYLINDER BLOCK R 150 STD', '', ''),
(2671, 'SAIYAN AIR FILTER NMAX', '', ''),
(2672, 'SAIYAN AIR FILTER CLICK125', '', ''),
(2673, 'SAIYAN AIR FILTER NMAXV1', '', ''),
(2674, 'SAIYAN AIR FILTER GRAVIS', '', ''),
(2675, 'SAIYAN AIR FILTER AEROX', '', ''),
(2676, 'SAIYAN STARTER MOTOR M3', '', ''),
(2677, 'SAIYAN CLUTCH SHOE ASSY W/CLUTCH SPRING PCX', '', ''),
(2678, 'BEAST TIRE 70X80X17', '', ''),
(2679, 'BEAST TIRE 80X80X17', '', ''),
(2680, 'BEAST TIRE 60X80X14 4PR FLASH P6240 TL 24P', '', ''),
(2681, 'BEAST TIRE 60X80X17 4PR FLASH P6240 TL 27P', '', ''),
(2682, 'BEAST TIRE 80X80X14', '', ''),
(2683, 'BEAST TIRE 70X80X14 4PR FLASH P6240 TL 31P', '', ''),
(2684, 'MTRT FLYBALL SPORTY 6G', '', ''),
(2685, 'MTRT FLYBALL SPORTY 7G', '', ''),
(2686, 'MTRT FLYBALL CLICK 9G', '', ''),
(2687, 'MTRT FLYBALL CLICK 10G', '', ''),
(2688, 'MTRT FLYBALL CLICK 11G', '', ''),
(2689, 'MTRT FLYBALL CLICK 12G', '', ''),
(2690, 'MTRT FLYBALL CLICK 13G', '', ''),
(2691, 'MTRT FLYBALL BEAT FI 8G', '', ''),
(2692, 'MTRT FLYBALL BEAT FI 9G ', '', ''),
(2693, 'MTRT FLYBALL BEAT FI 11G', '', ''),
(2694, 'MTRT FLYBALL BEAT FI 12G', '', ''),
(2695, 'MTRT FLYBALL BEAT FI 13G', '', ''),
(2696, 'MTRT FLYBALL BEAT FI 14G', '', ''),
(2697, 'MTRT FLYBALL MIO I125 8G', '', ''),
(2698, 'MTRT FLYBALL MIO I125 9G', '', ''),
(2699, 'MTRT FLYBALL MIO I125 10G', '', ''),
(2700, 'MTRT FLYBALL MIO I125 11G', '', ''),
(2701, 'MTRT BIGVALVES HEAD  MIO SPORTY 24/28', '', ''),
(2702, ' MTRT CENTER SPRING SPORTY 1000RPM', '', ''),
(2703, 'MTRT CENTER SPRING NMAX 155 1000RPM', '', ''),
(2704, 'MTRT CENTER SPRING NMAX 155 1500RPM', '', ''),
(2705, 'MTRT CENTER SPRING CLICK 125 1500 RPM', '', ''),
(2706, ' MTRT CLUTCH SPRING BEAT FI 1500RPM', '', ''),
(2707, 'MTRT CLUTCH SPRING SPORTY 1000RPM', '', ''),
(2708, 'MTRT CLUTCH SPRING SPORTY 1500RPM', '', ''),
(2709, 'MTRT CLUTCH SPRING NMAX 1500 RPM', '', ''),
(2710, 'MTRT PULLEY SET SPORTY V2', '', ''),
(2711, 'MTRT PULLEY SET NMAX 155', '', ''),
(2712, 'RCM CENTER SPRING NMAX 155 1000RPM', '', ''),
(2713, 'RCM CENTER SPRING NMAX 155 1200RPM', '', ''),
(2714, 'RCM CENTER SPRING BEAT FI 1000 RPM', '', ''),
(2715, 'RCM CENTER SPRING BEAT FI 1500 RPM', '', ''),
(2716, 'RCM CENTER SPRING NMAX 155 1500RPM', '', ''),
(2717, 'RCM FUEL FILTER HONDA BEAT FI', '', ''),
(2718, 'RCM ROCKER ARM MIO SPORTY', '', ''),
(2719, 'RCM CLUTCH SPRING MIO SPORTY 1000RPM', '', ''),
(2720, 'RCM CLUTCH SPRING MIO SPORTY 1200RPM', '', ''),
(2721, 'RCM CLUTCH SPRING MIO SPORTY 1500RPM', '', ''),
(2722, 'RCM RACING CDI RAIDER 150 REBORN', '', ''),
(2723, 'YAMAHA 44D BELT MX 125', '', ''),
(2724, 'YAMAHA 2DP BLT NMAX', '', ''),
(2725, 'YAMAHA B65 BELT AEROX', '', ''),
(2726, 'SUZUKI SKYDRIVE BELT GENUINE', '', ''),
(2727, 'RCM ADJUSTABLE CAMGEAR SPORTY', '', ''),
(2728, 'RCM ADJUSTABLE CAMGEAR WAVE 100', '', ''),
(2729, 'RCM ADJUSTABLE CAMGEAR NMAX', '', ''),
(2730, 'RCM PIN DOWELL YAMAHA', '', ''),
(2731, 'RCM MANUAL ISC AEROX', '', ''),
(2732, 'RCM STAR WASHER DRIVEFACE SPORTY', '', ''),
(2733, 'RCM BELL NUT SPORTY', '', ''),
(2734, 'RCM BELL NUT NMAX', '', ''),
(2735, 'RCM FLYBALL MIO I125 8G', '', ''),
(2736, 'RCM FLYBALL MIO I125 11G', '', ''),
(2737, 'RCM FLYBALL SPORTY 8G', '', ''),
(2738, 'RCM CLUTCH LINING 3 PAD ONLY', '', ''),
(2739, 'GRS BRAKE PAD SPORTY ', '', ''),
(2740, 'RZ BRAKE PAD WAVE 125', '', ''),
(2741, 'RZ BRAKE PAD CLICK', '', ''),
(2742, 'RZ BRAKE PAD BEAT', '', ''),
(2743, 'RZ BRAKE PAD RAIDER CARB FRONT', '', ''),
(2744, 'RZ BRAKE PAD CARB REAR', '', ''),
(2745, 'RZ BRAKE PAD WAVE 100/110', '', ''),
(2746, 'QUICK TIRE 45 90 17', '', ''),
(2747, 'BEAST TIRE 60  80 14', '', ''),
(2748, 'BEAST TIRE 130 70 13', '', ''),
(2749, 'BEAST TIRE 140 70 14', '', ''),
(2750, 'BEAST TIRE 110 70 14', '', ''),
(2751, 'MIO 1 KAHA LIGHT VIOLET', '', ''),
(2752, 'MIO 1 KAHA SILVER', '', ''),
(2753, 'OD BATTERY 12N6.5L', '', ''),
(2754, 'MIO 1 KAHA NUDE PINK', '', ''),
(2755, 'SAIYAN RIM LIME GREEN', '', ''),
(2756, 'SAIYAN RIM ORANGE', '', ''),
(2757, 'SUN PULLEY SET NMAX AEROX', '', ''),
(2758, 'SUN PULLEY SET MIO I 125', '', ''),
(2759, 'SUN CLUTCH ASSY MIO I 125 1000RPM', '', ''),
(2760, 'SUN CLUTCH ASSY NMAX AEROX 1000RPM', '', ''),
(2761, 'SUN CLUTCH SHOE LINING W/ SPRING SPORTY 1500RPM', '', ''),
(2762, 'SUN CLUTCH SHOE LINING W/ SPRING BEAT 1000RPM', '', ''),
(2763, 'SUN CLUTCH SHOE ONLY NMAX', '', ''),
(2764, 'ZENO FLAT SEAT MIO I 125', '', ''),
(2765, 'ZENO FLAT SEAT SPORTY', '', ''),
(2766, 'ZENO FLAT SEAT RAIDER FI', '', ''),
(2767, 'GRS BRAKE PAD RAIDER FI', '', ''),
(2768, 'JRP SEAT COVER MAY TAHI TMX', '', ''),
(2769, 'JRP SEAT COVER MAY TAHI SMALL', '', ''),
(2770, 'JRP SEAT COVER MAY TAHI MEDIUM', '', ''),
(2771, 'SPARK PLUG D8EA', '', ''),
(2772, 'SPARK PLUG D6HA', '', ''),
(2773, 'SPARKPLUG CPR6EA', '', ''),
(2774, 'SPARK PLUG C7HSA', '', ''),
(2775, 'REPAIR KIT MASTER MIO', '', ''),
(2776, 'REPAIR KIT MASTER HONDA', '', ''),
(2777, 'PDD MANUAL TENSIONER R150', '', ''),
(2778, 'PDD MANUAL TENSIONER SPORTY', '', ''),
(2779, 'PDD MANUAL TENSIONER WAVE 125', '', ''),
(2780, 'PDD STARTER RELAY MIO I 125 ', '', ''),
(2781, 'PDD STATOR MIO SPORTY', '', ''),
(2782, 'PDD STATOR WAVE 125', '', ''),
(2783, 'CNC BODY SCREW WHITE GOLD', '', ''),
(2784, 'LIGHTEN DISC SPORTY 200MM', '', ''),
(2785, 'LIGHTEN DISC RAIDER CARB PAIR', '', ''),
(2786, 'LIGHTEN DISC RAIDER FI PAIR', '', ''),
(2787, 'LIGHTEN FRONT SHOCK WAVE 125', '', ''),
(2788, 'LIGHTEN DISC WAVE 125', '', ''),
(2789, 'CNC CRANKCASE BOLTS SNIPER 150', '', ''),
(2790, 'IRC EAT MY DUST 45 90 17', '', ''),
(2791, 'IRC EAT MY DUST 60 80 17', '', ''),
(2792, 'CNC CRANKCASE BOLTS WAVE 100 110', '', ''),
(2793, 'CNC CRANKCASE BOLTS SPORTY', '', ''),
(2794, 'CNC REAR NUT SPORTY', '', ''),
(2795, 'CNC REAR NUT MIO I 125', '', ''),
(2796, 'CNC REAR NUT NMAX AEROX', '', ''),
(2797, 'HUB AND MILE SPACER', '', ''),
(2798, 'AIR FILTER MIO GEAR', '', ''),
(2799, 'PIAA HORN GOLD QR', '', ''),
(2800, 'BREMBO CALIPER 4POT COCKROACH', '', ''),
(2801, 'BREMBO CALIPER DORAEMON GRAY', '', ''),
(2802, 'SUPER SPEED SHOCK NMAX PINK', '', ''),
(2803, 'SUPER SPEED SHOCK NMAX RED', '', ''),
(2804, 'SUPER SPEED SHOCK NMAX BLUE', '', ''),
(2805, 'SUPER SPEED SHOCK NMAX YELLOW', '', ''),
(2806, 'SUPER SPEED SHOCK NMAX WHITE', '', ''),
(2807, 'SUPER SPEED SHOCK MIO YELLOW', '', ''),
(2808, 'SUPER SPEED SHOCK MIO RED', '', ''),
(2809, 'SUPER SPEED SHOCK MIO BLUE', '', ''),
(2810, 'SUPER SPEED SHOCK MIO WHITE', '', ''),
(2811, 'BREMBO DUAL TANK MASTER', '', ''),
(2812, 'BREMBO P19 ', '', ''),
(2813, 'PS16 DOMINO ', '', ''),
(2814, 'HI TEMP KOBY GREASE', '', ''),
(2815, 'BALL RACE C100 WAVE', '', ''),
(2816, 'BALL RACE SUPREMO', '', ''),
(2817, 'BALL RACE CT 100 BARAKO', '', ''),
(2818, 'BALL RACE XRM 110', '', ''),
(2819, 'BETA GRAY', '', ''),
(2820, 'CDI 4 PIN', '', ''),
(2821, 'KOYO BEARING 6005', '', ''),
(2822, 'KOYO BEARING 6204', '', ''),
(2823, 'KOYO BEARING 6303', '', ''),
(2824, 'KOYO BEARING 6205', '', ''),
(2825, 'NTN BEARING 6200', '', ''),
(2826, 'KOYO BEARING 6000', '', ''),
(2827, 'KOYO BEARING 6302', '', ''),
(2828, 'KOYO BEARING 638', '', ''),
(2829, 'KOYO BEARING 6004', '', ''),
(2830, 'KOYO BEARING 6301', '', ''),
(2831, 'KOYO BEARING 6001', '', ''),
(2832, 'CARB REPAIR KIT 24 MM', '', ''),
(2833, 'CARB REPAIR KIT XRM 110', '', ''),
(2834, 'CARB REPAIR KIT GY6 125', '', ''),
(2835, 'CARB REPAIR KIT MIO', '', ''),
(2836, 'CARB REPAIR KIT WAVE 125', '', ''),
(2837, 'CARB REPAIR KIT WAVE 100 R', '', ''),
(2838, 'CARB REPAIR KIT W FLOATER XRM 125', '', ''),
(2839, 'CARB REPAIR KIT W FLOATER XRM 110', '', ''),
(2840, 'CLUTCH SPRING SPARK 135', '', ''),
(2841, 'CLUTCH SPRING XRM', '', ''),
(2842, 'CLUTCH SPRING SMASH', '', ''),
(2843, 'CLUTCH SPRING WAVE 125', '', ''),
(2844, 'CLUTCH SPRING RAIDER 150', '', ''),
(2845, 'T15 PARK LIGHT PINK', '', ''),
(2846, 'KOYO 6304', '', ''),
(2847, 'AIRFILTER SOULTY', '', ''),
(2848, 'SUPER SPEED OIL 1L VIOLET SCOOTER', '', ''),
(2849, 'PETRON OIL/GEAL OIL', '', ''),
(2850, 'SAIYAN AIR FILTER GEAR GRAVIS', '', ''),
(2851, 'SAIYAN AIR FILTER MIO 125', '', ''),
(2852, 'SAIYAN AIR FILTER NMAX 2020', '', ''),
(2853, 'SAIYAN CLUTCH CABLE XRM 125', '', ''),
(2854, 'SAIYAN CLUTCH CABLE ROUSER 200', '', ''),
(2855, 'SAIYAN CLUTCH CABLE CT 100', '', ''),
(2856, 'SAIYAN CLUTCH CABLE HD3', '', ''),
(2857, 'SAIYAN CLUTCH CABLE F216', '', ''),
(2858, 'SAIYAN CLUTCH CABLE CB 125', '', ''),
(2859, 'SAIYAN CLUTCH CABLE SNIPER150/155', '', ''),
(2860, 'SAIYAN CLUTCH CABLE C6 125', '', ''),
(2861, 'ENGINE VALVES STOCK W125 L9', '', ''),
(2862, 'ENGINE VALVES STOCK CG150 L9', '', ''),
(2863, 'BENDIX XRM 110', '', ''),
(2864, 'BENDIX GY6 125', '', ''),
(2865, 'BENDIX SUZUKI 125', '', ''),
(2866, '428 CHAIN LOCK', '', ''),
(2867, 'TTGR BRAKE PAD WAVE 110', '', ''),
(2868, 'TTGR BRAKE PAD CB110', '', ''),
(2869, 'SAIYAN GAS THROTTLE CABLE BARAKO', '', ''),
(2870, 'TTGR BRAKE PAD RS 150', '', ''),
(2871, 'TTGR BRAKE PAD ADDRESS', '', ''),
(2872, 'TTGR BRAKE PAD WIND 125', '', ''),
(2873, 'TTGR BRAKE PAD SHOGUN', '', ''),
(2874, 'SAIYAN GAS THROTTLE CABLE XRM TRINITY', '', ''),
(2875, 'TTGR BRAKE PAD RAIDER 150', '', ''),
(2876, 'TTGR BRAKE PAD WAVE 125', '', ''),
(2877, 'TTGR BRAKE PAD DASH', '', ''),
(2878, 'TTGR BRAKE PAD SNIPER 135', '', ''),
(2879, 'TTGR BRAKE PAD KLX 150', '', ''),
(2880, 'STRONG RIM PENTAGON PINK', '', ''),
(2881, 'SAIYAN RIM BROKEN 1.2/1.4X17 LIGHT GREEN', '', ''),
(2882, 'SAIYAN STEEL RIM 1.6X17', '', ''),
(2883, 'APR FLAT SEAT BLACK MIO', '', ''),
(2884, 'APR FLAT SEAT RED RAIDER FI', '', ''),
(2885, 'APR FLAT SEAT RED RAIDER150', '', ''),
(2886, 'MTV MIO FLAT SEAT BLUE', '', ''),
(2887, 'MTV RAIDER FI FLAT SEAT BLACK', '', ''),
(2888, 'MTV R150 FLAT SEAT RED', '', ''),
(2889, 'NATHONG FLAT SEAT CLICK125 BLACK', '', ''),
(2890, 'NATHONG FLAT SEAT BEAT FI BLACK', '', ''),
(2891, 'SUPERSPEED SWING ARM WAVE125', '', ''),
(2892, 'SUPERSPEED SWING ARM R150', '', ''),
(2893, 'SUPER SPEED SHOCK W/TANK MIO PINK/BLACK', '', ''),
(2894, 'SUPER SPEED SHOCK W/TANK MIO YELLOW/RED', '', ''),
(2895, 'SUPER SPEED SHOCK WAVE125/100 YELLOW 300MM', '', ''),
(2896, 'SUPER SPEED SHOCK WAVE125/100 BLUE 300MM', '', ''),
(2897, 'SUPER SPEED SHOCK WAVE125/100 PINK 300MM', '', ''),
(2898, 'SAIYAN SHOCK NMAX 305MM WITH TANK GOLD', '', ''),
(2899, 'SAIYAN SHOCK NMAX 305MM WITH TANK SILVER', '', ''),
(2900, 'SAIYAN SHOCK MIO 300MM WITH TANK BLUE', '', ''),
(2901, 'SAIYAN SHOCK CLICK 330MM WITH TANK SILVER', '', ''),
(2902, 'SAIYAN SHOCK WAVE125 310MM WITH TANK BLACK', '', ''),
(2903, 'SAIYAN SHOCK WAVE125 310MM WITH TANK YELLOW', '', ''),
(2904, 'SAIYAN SHOCK WAVE125 310MM WITH TANK WHITE', '', ''),
(2905, 'SAIYAN SHOCK WAVE125 310MM WITH TANK RED', '', ''),
(2906, 'SAIYAN SHOCK NMAX 305MM W/OUT TANK BLUE', '', ''),
(2907, 'SAIYAN SHOCK NMAX 305MM W/OUT TANK YELLOW', '', ''),
(2908, 'SAIYAN SHOCK NMAX 305MM W/OUT TANK GOLD', '', ''),
(2909, 'SAIYAN SHOCK NMAX 305MM W/OUT TANK WHITE', '', ''),
(2910, 'SAIYAN SHOCK NMAX 305MM W/OUT TANK SILVER', '', ''),
(2911, 'SAIYAN SHOCK NMAX 305MM W/OUT TANK RED', '', ''),
(2912, 'HYLOS MAGS CNC 3D CLICK BLUE', '', ''),
(2913, 'HYLOS MAGS CNC 3D SNIPER BLACK', '', ''),
(2914, 'ZENO PIPE WAVE125', '', ''),
(2915, 'ZENO PIPE NMAX V2', '', ''),
(2916, 'PODIUM PIPE CLICKV2', '', ''),
(2917, 'PODIUM PIPE RAIDER150', '', ''),
(2918, 'PODIUM PIPE SOULTY', '', ''),
(2919, 'PODIUM PIPE BEAT', '', ''),
(2920, 'PODIUM PIPE WAVE125', '', ''),
(2921, 'PLATINUM 4T OIL', '', ''),
(2922, 'SAIYAN CYLINDER BLOCK RAIDER 150 STD', '', ''),
(2923, 'SAIYAN CYLINDER BLOCK BARAKO 65MM', '', ''),
(2924, 'SAIYAN CYLINDER BLOCK CLICK 150 STD', '', ''),
(2925, 'SAIYAN CYLINDER BLOCK BEAT 50MM', '', ''),
(2926, 'ZENO FLAT SEAT MIO GT 125', '', ''),
(2927, 'ZENO FLAT SEAT ADV 150', '', ''),
(2928, 'OD BATTERY 5L MATANGKAD', '', ''),
(2929, 'ECO DRIVE BATTERY 5L MATANGKAD', '', ''),
(2930, 'OD BATTERY 5L PANDAK', '', ''),
(2931, 'MIO 1 KAHA ASSORTED', '', ''),
(2932, 'SPEED TUNER SUPER OIL 10W 40 1L', '', ''),
(2933, 'SPEED TUNER SUPER OIL 20W 50 1L', '', ''),
(2934, 'SAIYAN RIMS ASSORTED', '', ''),
(2935, 'LAMBORGE9 PISTON KIT MIO 59MM', '', ''),
(2936, 'LAMBORGE9 PISTON KIT MIO STD', '', ''),
(2937, 'KOBY TIRESEALANT', '', ''),
(2938, 'LAMBORGE9 BRAKESHOE BEAT', '', ''),
(2939, 'LAMBORGE9 ENGINE VALVES ASSORTED', '', ''),
(2940, 'KEIHIN CARBURATOR 28MM', '', ''),
(2941, 'KEIHIN CARBURATOR 26MM', '', ''),
(2942, 'DAYWAY BATTERY 5L PANDAK', '', ''),
(2943, 'EXTREME BATTERY 5L PANDAK', '', ''),
(2944, 'DAYWAY BATTERY 4L', '', ''),
(2945, 'KOYO BEARING 6304', '', ''),
(2946, 'KOYO BEARING 6322', '', ''),
(2947, 'KOYO BEARING 6206', '', ''),
(2948, 'KOYO BEARING 6006', '', ''),
(2949, 'KOYO BEARING 6905', '', ''),
(2950, 'KOYO BEARING 6002', '', ''),
(2951, 'INTERRIOR 2.50 17', '', ''),
(2952, 'INTERRIOR 1.75 17', '', ''),
(2953, 'INTERRIOR 3.00 17', '', ''),
(2954, 'APIDO AIRFILTER PCX ADV', '', ''),
(2955, '44D DRIVEFACE', '', ''),
(2956, 'TTGR ANTI THEFT KEY MIO', '', ''),
(2957, 'TTGR ANTI THEFT KEY MIO M3', '', ''),
(2958, 'TTGR ANTI THEFT KEY CLICK', '', ''),
(2959, 'LAMBORGE9 REGULATOR 5 WIRES', '', ''),
(2960, 'QUICK RELEASE', '', ''),
(2961, 'SGP CLUTCH CABLE RAIDER 150FI', '', ''),
(2962, 'P19 BRAKE MASTER', '', ''),
(2963, 'TDD HEADLIGHT', '', ''),
(2964, 'KTD HEADLIGHT', '', ''),
(2965, 'RACING MONKEY BLOCK CHROMEBORE 59MM MIO', '', ''),
(2966, 'HONDA CRANKCASE BEARING', '', ''),
(2967, 'YAMAHA BRAKE LEVER', '', ''),
(2968, 'BETA GREY', '', ''),
(2969, 'MANUAL TENSIONER SMASH', '', ''),
(2970, 'MANUAL TENSIONER WAVE', '', ''),
(2971, 'MANUAL TENSIONER NMAX', '', ''),
(2972, 'SC SIAM CRANKCASE BOLTS WAVE 125', '', ''),
(2973, 'SC SIAM CRANKCASE BOLTS SNIPER', '', ''),
(2974, 'SC SIAM CRANKCASE BOLTS MIO I 125', '', ''),
(2975, 'SC SIAM CRANKCASE BOLTS RAIDER', '', ''),
(2976, 'HONDA FRONT SHOCK OIL SEAL', '', ''),
(2977, 'LAMBORGE9 BACK PLATE MIO I 125', '', ''),
(2978, 'YAMAHA OEM QUICK THROTTLE', '', ''),
(2979, 'LAMBORGE9 CLUTCH CABLE RAIDER 150FI', '', ''),
(2980, 'LIGHTEN FRONT SHOCK WAVE', '', ''),
(2981, 'YAGUSO RIOS 129', '', ''),
(2982, 'FUSE', '', ''),
(2983, 'HMA HEADLIGHT AND WINKER SET', '', ''),
(2984, 'SAIYAN BRAKEPAD RAIDER 150 REAR', '', ''),
(2985, 'SAIYAN BRAKEPAD RAIDER150 FRONT', '', ''),
(2986, 'SAIYAN BRAKEPAD PCX ADV REAR', '', ''),
(2987, 'SAIYAN BRAKEPAD RAIDER 150FI FRONT', '', ''),
(2988, 'SAIYAN BRAKEPAD MIO M3', '', ''),
(2989, 'SAIYAN BRAKEPAD PCX ADV FRONT', '', ''),
(2990, 'SAIYAN REAR SHOCK NMAX WITHOUT TANK 335MM WHITE', '', ''),
(2991, 'SAIYAN REAR SHOCK NMAX WITHOUT TANK 305MM GOLD', '', ''),
(2992, 'SAIYAN REAR SHOCK NMAX WITHOUT TANK 335MM RED', '', ''),
(2993, 'SAIYAN REAR SHOCK NMAX WITHOUT TANK 305 SILVER', '', ''),
(2994, 'SAIYAN REAR SHOCK NMAX WITH TANK 305MM SILVER', '', ''),
(2995, 'SAIYAN REAR SHOCK NMAX WITH TANK 335MM BLUE', '', ''),
(2996, 'SAIYAN REAR SHOCK NMAX WITH TANK 335MM YELLOW', '', ''),
(2997, 'SUPER SPEED REAR SHOCK MIO 300MM YELLOW BLACK', '', ''),
(2998, 'SUPER SPEED REAR SHOCK MIO 300MM WHITE RED', '', ''),
(2999, 'SUPER SPEED REAR SHOCK MIO 300MM BLUE RED', '', ''),
(3000, 'SUPER SPEED REAR SHOCK MIO 300MM PINK GREY', '', ''),
(3001, 'SUPER SPEED REAR SHOCK MIO 300MM YELLOW RED', '', ''),
(3002, 'SUPER SPEED REAR SHOCK MIO 300MM BLACK RED', '', ''),
(3003, 'SUPER SPEED REAR SHOCK CLICK 330MM YELLOW RED', '', ''),
(3004, 'SUPER SPEED REAR SHOCK CLICK 330MM BLUE RED', '', ''),
(3005, 'SUPER SPEED REAR SHOCK CLICK 330MM WHITE RED', '', ''),
(3006, 'SUPER SPEED REAR SHOCK CLICK 330MM RED RED', '', ''),
(3007, 'SUPER SPEED REAR SHOCK WAVE 310MM WHITE', '', ''),
(3008, 'SUPER SPEED REAR SHOCK WAVE 310MM BLACK', '', ''),
(3009, 'SUPER SPEED REAR SHOCK WAVE 310MM RED', '', ''),
(3010, 'SUPER SPEED REAR SHOCK WAVE 310MM YELLOW', '', ''),
(3011, 'BOSCH SPARKPLUG WAVE 125 LONG', '', ''),
(3012, 'BOSCH SPARKPLUG MIO SHORT', '', ''),
(3013, 'BWIN PULLEY SET PCX 160', '', ''),
(3014, 'BWIN TORQUE DRIVE ASSY NMAX 155', '', ''),
(3015, 'BWIN TORQUE DRIVE ASSY CLICK 125', '', ''),
(3016, 'BWIN TORQUE DRIVE ASSY MIO', '', ''),
(3017, 'BWIN TORQUE DRIVE ASSY BEAT FI', '', ''),
(3018, 'BWIN TORQUE DRIVE ASSY MIO I125 M3', '', ''),
(3019, 'BWIN CLUTCH SHOE LINING BEAT FI', '', ''),
(3020, 'BWIN CLUTCH SHOE LINING NMAX 155', '', ''),
(3021, 'BWIN CLUTCH SHOE LINING MIO', '', ''),
(3022, 'BWIN CLUTCH SHOE LINING CLICK', '', ''),
(3023, 'JVT CLUTCH BELL CLICK PCX', '', ''),
(3024, 'JVT CLUTCH BELL MIO I125 M3', '', ''),
(3025, 'JVT CLUTCH BELL NMAX AEROX', '', ''),
(3026, 'JVT CLUTCH SHOE LINING NMAX AEROX', '', ''),
(3027, 'JVT CLUTCH SHOE LINING MIO', '', ''),
(3028, 'JVT CLUTCH SHOE LINING BEAT FI', '', ''),
(3029, 'SAIYAN FLYBALL MIO 7G', '', ''),
(3030, 'Diagnostic Profit', '', ''),
(3031, 'FI Profit', '', ''),
(3032, 'Use Oil Profit', '', ''),
(3033, 'Outside Profit', '', '');

-- --------------------------------------------------------

--
-- Table structure for table `returned_product`
--

CREATE TABLE `returned_product` (
  `id` int(11) NOT NULL,
  `barcode` int(11) NOT NULL,
  `returned_units` int(11) NOT NULL,
  `price` float NOT NULL,
  `date_bought` date NOT NULL,
  `date_returned` date NOT NULL,
  `remarks` varchar(255) NOT NULL,
  `code` int(11) NOT NULL
) ENGINE=InnoDB DEFAULT CHARSET=utf8mb4 COLLATE=utf8mb4_unicode_ci;

-- --------------------------------------------------------

--
-- Table structure for table `services`
--

CREATE TABLE `services` (
  `service_id` int(11) NOT NULL,
  `service` varchar(100) NOT NULL
) ENGINE=InnoDB DEFAULT CHARSET=utf8mb4 COLLATE=utf8mb4_general_ci;

--
-- Dumping data for table `services`
--

INSERT INTO `services` (`service_id`, `service`) VALUES
(1, 'CVT Cleaning'),
(2, 'CVT Refresh'),
(3, 'Diagnostic'),
(4, 'Change Oil'),
(5, 'Fi Cleaning'),
(6, 'Reset ECU'),
(7, 'Tune Up'),
(8, 'Shock Tuning'),
(9, 'Carb Cleaning'),
(10, 'Engine Upgrade'),
(11, 'Major Overhaul'),
(12, 'Top Overhaul');

-- --------------------------------------------------------

--
-- Table structure for table `supplier_record`
--

CREATE TABLE `supplier_record` (
  `code` varchar(11) NOT NULL,
  `supplier_name` varchar(100) NOT NULL,
  `supplier_address` varchar(255) NOT NULL,
  `contact_person` varchar(100) NOT NULL,
  `contact_number` varchar(100) NOT NULL,
  `email` varchar(100) NOT NULL
) ENGINE=InnoDB DEFAULT CHARSET=utf8mb4 COLLATE=utf8mb4_general_ci;

-- --------------------------------------------------------

--
-- Table structure for table `users`
--

CREATE TABLE `users` (
  `code` int(11) NOT NULL,
  `userID` varchar(11) NOT NULL,
  `firstname` varchar(50) NOT NULL,
  `email` varchar(50) NOT NULL,
  `password` varchar(50) NOT NULL,
  `contact` varchar(50) NOT NULL,
  `usertype` varchar(50) NOT NULL
) ENGINE=InnoDB DEFAULT CHARSET=utf8mb4 COLLATE=utf8mb4_general_ci;

--
-- Dumping data for table `users`
--

INSERT INTO `users` (`code`, `userID`, `firstname`, `email`, `password`, `contact`, `usertype`) VALUES
(1, 'A1', 'Renelina Mañabo', 'renju.manabo@yahoo.com', 'Admin@2024', '', 'Super Admin'),
(2, 'A2', 'Herb Andrei Doblada', 'dobladaherb09@gmail.com', 'GodIsGreat23', '09455517380', 'Super Admin');

--
-- Triggers `users`
--
DELIMITER $$
CREATE TRIGGER `setadmin_userID` BEFORE INSERT ON `users` FOR EACH ROW BEGIN
    DECLARE new_id INT;
    SELECT AUTO_INCREMENT INTO new_id
    FROM information_schema.TABLES
    WHERE TABLE_SCHEMA = DATABASE() AND TABLE_NAME = 'users';
    
    SET NEW.userID = CONCAT('A', new_id);
END
$$
DELIMITER ;

-- --------------------------------------------------------

--
-- Table structure for table `users_branch`
--

CREATE TABLE `users_branch` (
  `code` int(11) NOT NULL,
  `userID` varchar(255) NOT NULL,
  `firstname` varchar(50) NOT NULL,
  `email` varchar(50) NOT NULL,
  `password` varchar(50) NOT NULL,
  `contact` varchar(50) NOT NULL,
  `usertype` varchar(50) NOT NULL,
  `branch_code` varchar(255) NOT NULL
) ENGINE=InnoDB DEFAULT CHARSET=utf8mb4 COLLATE=utf8mb4_general_ci;

--
-- Dumping data for table `users_branch`
--

INSERT INTO `users_branch` (`code`, `userID`, `firstname`, `email`, `password`, `contact`, `usertype`, `branch_code`) VALUES
(2, 'B2', 'John Llyod Camero', 'johnlloydcamero123@gmail.com', '$Atis23', '09602377565', 'Branch Manager', '2'),
(3, 'B3', 'Mark Doblada', 'marknino175@gmail.com', 'Mark@2024', '09271174533	', 'Branch Manager', '1'),
(4, 'B4', 'Aulie Van August G. Raymundo', 'nget1703@gmail.com	', 'Aulie@2024', '09530344672', 'Branch Manager', '3'),
(5, 'B5', 'Terence Gabriel I. Madera', 'tgim.gabs@gmail.com', '$2y$10$MpQQAXz9KEkCUvUclxW1QebEskM5y4G5UByCUEaDg75', '09515819708', 'Branch Manager', '4'),
(6, 'B6', 'Fernando Jr. Pontillas	', 'pontillasfern@gmail.com', '$2y$10$XYcwAB8arvd0ZudP2k.dyeXDtD1Jql5OV81PYPpWCcj', '09487414785', 'Branch Manager', '5'),
(7, 'B7', 'Ken Ross T. Ladica', 'koopalkagar@gmail.com', '$2y$10$vHC8nnvHxfOIkLxi5e6eJeKMZ/A.EHukLVfPcttcy.G', '09547506485', 'Branch Manager', '6'),
(9, 'B9', 'Jefferson Villanueva Lopez', 'jhoeffgeisha08@gmail.com', '$2y$10$MmC8WIvVsGOrvTEZsNxuI.7DcXJ5O915w0vcwDG6rsD', '09957107070', 'Branch Manager', '8'),
(10, 'B10', 'Ricky Mariñas', 'marinasricky218@gmail.com', '$2y$10$MI6zwYO2llyhPiyeKnFStOk/kWs4OGXP5AVNZMsVIRH', '09536888389', 'Branch Manager', '9'),
(11, 'B11', 'Dan Carlo Alvarado', 'dobladaherb09@gmail.com', '$2y$10$wk6a/6SGt6Ce8hlyqJNv4O6GgQyFI3B.peVmwrsiuIp', '09455517380', 'Branch Manager', '10'),
(12, 'B12', 'Jude V. Fresnido', 'judefresnido7@gmail.com', '$2y$10$6qY0Avzs9d0tR4athwNWi.dDksoMPiVkdFCnEIG8/FS', '09389844433', 'Branch Manager', '11');

--
-- Triggers `users_branch`
--
DELIMITER $$
CREATE TRIGGER `set_userID` BEFORE INSERT ON `users_branch` FOR EACH ROW BEGIN
    SET @new_id = (SELECT AUTO_INCREMENT FROM information_schema.TABLES
                   WHERE TABLE_SCHEMA = DATABASE() AND TABLE_NAME = 'users_branch');
    SET NEW.userID = CONCAT('B', @new_id);
END
$$
DELIMITER ;

-- --------------------------------------------------------

--
-- Table structure for table `users_dealer`
--

CREATE TABLE `users_dealer` (
  `code` int(11) NOT NULL,
  `userID` varchar(255) NOT NULL,
  `firstname` varchar(255) NOT NULL,
  `email` varchar(255) NOT NULL,
  `password` varchar(255) NOT NULL,
  `contact` varchar(255) NOT NULL,
  `usertype` varchar(255) NOT NULL,
  `dealer_code` varchar(11) NOT NULL
) ENGINE=InnoDB DEFAULT CHARSET=utf8mb4 COLLATE=utf8mb4_general_ci;

--
-- Dumping data for table `users_dealer`
--

INSERT INTO `users_dealer` (`code`, `userID`, `firstname`, `email`, `password`, `contact`, `usertype`, `dealer_code`) VALUES
(2, 'D2', 'Juan Tamad', 'juantamad@gmail.com', '$2y$10$BhRkUwweTGDYzn0hIFe94OHdnZBLZJ1Yen00./xjq3/qStwVEQ59G', 'jt', 'Dealer', '1');

--
-- Triggers `users_dealer`
--
DELIMITER $$
CREATE TRIGGER `setdealer_userID` BEFORE INSERT ON `users_dealer` FOR EACH ROW BEGIN
    SET @new_id = (SELECT AUTO_INCREMENT FROM information_schema.TABLES
                   WHERE TABLE_SCHEMA = DATABASE() AND TABLE_NAME = 'users_dealer');
    SET NEW.userID = CONCAT('D', @new_id);
END
$$
DELIMITER ;

--
-- Indexes for dumped tables
--

--
-- Indexes for table `branch_record`
--
ALTER TABLE `branch_record`
  ADD PRIMARY KEY (`code`);

--
-- Indexes for table `dealer_record`
--
ALTER TABLE `dealer_record`
  ADD PRIMARY KEY (`code`);

--
-- Indexes for table `expenses_admin`
--
ALTER TABLE `expenses_admin`
  ADD PRIMARY KEY (`id`),
  ADD KEY `fk_expenses_code` (`code`);

--
-- Indexes for table `expenses_branch`
--
ALTER TABLE `expenses_branch`
  ADD PRIMARY KEY (`id`),
  ADD KEY `fk_expenses_branch_code` (`code`);

--
-- Indexes for table `inflow_admin`
--
ALTER TABLE `inflow_admin`
  ADD KEY `fk_barcode` (`barcode`),
  ADD KEY `fk_codeINFLOW` (`code`);

--
-- Indexes for table `inflow_branch`
--
ALTER TABLE `inflow_branch`
  ADD KEY `fk_barcode_branch` (`barcode`),
  ADD KEY `fk_inflow_branch` (`code`);

--
-- Indexes for table `logistics_admin`
--
ALTER TABLE `logistics_admin`
  ADD PRIMARY KEY (`id`),
  ADD KEY `fk_logistics_code_branch` (`code`);

--
-- Indexes for table `logistics_branch`
--
ALTER TABLE `logistics_branch`
  ADD PRIMARY KEY (`id`),
  ADD KEY `fk_logistics_branch_code` (`code`);

--
-- Indexes for table `mechanic_record`
--
ALTER TABLE `mechanic_record`
  ADD PRIMARY KEY (`mechanic_id`),
  ADD KEY `fk_users_branch_code` (`user_branch_code`);

--
-- Indexes for table `mechanic_services`
--
ALTER TABLE `mechanic_services`
  ADD PRIMARY KEY (`mechanic_service_id`),
  ADD KEY `fk_mechanic_id` (`mechanic_id`),
  ADD KEY `fk_services_id` (`services_id`),
  ADD KEY `fk_mechanic_code` (`code`);

--
-- Indexes for table `outflow_selling`
--
ALTER TABLE `outflow_selling`
  ADD KEY `fk_barcode_outflow` (`barcode`),
  ADD KEY `fk_codeOUTFLOW` (`code`);

--
-- Indexes for table `outflow_selling_branch`
--
ALTER TABLE `outflow_selling_branch`
  ADD KEY `fk_barcode_outflow_branch` (`barcode`),
  ADD KEY `fk_codeOUTFLOW_branch` (`code`);

--
-- Indexes for table `products`
--
ALTER TABLE `products`
  ADD PRIMARY KEY (`barcode`),
  ADD UNIQUE KEY `unique_productnane` (`productname`);

--
-- Indexes for table `services`
--
ALTER TABLE `services`
  ADD PRIMARY KEY (`service_id`);

--
-- Indexes for table `supplier_record`
--
ALTER TABLE `supplier_record`
  ADD PRIMARY KEY (`code`);

--
-- Indexes for table `users`
--
ALTER TABLE `users`
  ADD PRIMARY KEY (`code`),
  ADD UNIQUE KEY `userID` (`userID`);

--
-- Indexes for table `users_branch`
--
ALTER TABLE `users_branch`
  ADD PRIMARY KEY (`code`),
  ADD UNIQUE KEY `userID` (`userID`),
  ADD KEY `fk_branch` (`branch_code`);

--
-- Indexes for table `users_dealer`
--
ALTER TABLE `users_dealer`
  ADD PRIMARY KEY (`code`),
  ADD UNIQUE KEY `userID` (`userID`),
  ADD KEY `fk_users_dealer_code` (`dealer_code`);

--
-- AUTO_INCREMENT for dumped tables
--

--
-- AUTO_INCREMENT for table `expenses_admin`
--
ALTER TABLE `expenses_admin`
  MODIFY `id` int(11) NOT NULL AUTO_INCREMENT, AUTO_INCREMENT=2;

--
-- AUTO_INCREMENT for table `expenses_branch`
--
ALTER TABLE `expenses_branch`
  MODIFY `id` int(11) NOT NULL AUTO_INCREMENT, AUTO_INCREMENT=2;

--
-- AUTO_INCREMENT for table `logistics_admin`
--
ALTER TABLE `logistics_admin`
  MODIFY `id` int(11) NOT NULL AUTO_INCREMENT;

--
-- AUTO_INCREMENT for table `logistics_branch`
--
ALTER TABLE `logistics_branch`
  MODIFY `id` int(11) NOT NULL AUTO_INCREMENT, AUTO_INCREMENT=2;

--
-- AUTO_INCREMENT for table `mechanic_record`
--
ALTER TABLE `mechanic_record`
  MODIFY `mechanic_id` int(11) NOT NULL AUTO_INCREMENT;

--
-- AUTO_INCREMENT for table `mechanic_services`
--
ALTER TABLE `mechanic_services`
  MODIFY `mechanic_service_id` int(11) NOT NULL AUTO_INCREMENT;

--
-- AUTO_INCREMENT for table `products`
--
ALTER TABLE `products`
  MODIFY `barcode` int(11) NOT NULL AUTO_INCREMENT, AUTO_INCREMENT=3034;

--
-- AUTO_INCREMENT for table `services`
--
ALTER TABLE `services`
  MODIFY `service_id` int(11) NOT NULL AUTO_INCREMENT, AUTO_INCREMENT=13;

--
-- AUTO_INCREMENT for table `users`
--
ALTER TABLE `users`
  MODIFY `code` int(11) NOT NULL AUTO_INCREMENT, AUTO_INCREMENT=9;

--
-- AUTO_INCREMENT for table `users_branch`
--
ALTER TABLE `users_branch`
  MODIFY `code` int(11) NOT NULL AUTO_INCREMENT, AUTO_INCREMENT=16;

--
-- AUTO_INCREMENT for table `users_dealer`
--
ALTER TABLE `users_dealer`
  MODIFY `code` int(11) NOT NULL AUTO_INCREMENT, AUTO_INCREMENT=3;

--
-- Constraints for dumped tables
--

--
-- Constraints for table `expenses_admin`
--
ALTER TABLE `expenses_admin`
  ADD CONSTRAINT `fk_expenses_code` FOREIGN KEY (`code`) REFERENCES `users` (`code`);

--
-- Constraints for table `expenses_branch`
--
ALTER TABLE `expenses_branch`
  ADD CONSTRAINT `fk_expenses_branch_code` FOREIGN KEY (`code`) REFERENCES `branch_record` (`code`);

--
-- Constraints for table `inflow_admin`
--
ALTER TABLE `inflow_admin`
  ADD CONSTRAINT `fk_barcode` FOREIGN KEY (`barcode`) REFERENCES `products` (`barcode`),
  ADD CONSTRAINT `fk_codeINFLOW` FOREIGN KEY (`code`) REFERENCES `users` (`code`);

--
-- Constraints for table `inflow_branch`
--
ALTER TABLE `inflow_branch`
  ADD CONSTRAINT `fk_barcode_branch` FOREIGN KEY (`barcode`) REFERENCES `products` (`barcode`),
  ADD CONSTRAINT `fk_inflow_branch` FOREIGN KEY (`code`) REFERENCES `branch_record` (`code`);

--
-- Constraints for table `logistics_admin`
--
ALTER TABLE `logistics_admin`
  ADD CONSTRAINT `fk_logistics_code_branch` FOREIGN KEY (`code`) REFERENCES `users` (`code`);

--
-- Constraints for table `logistics_branch`
--
ALTER TABLE `logistics_branch`
  ADD CONSTRAINT `fk_logistics_branch_code` FOREIGN KEY (`code`) REFERENCES `branch_record` (`code`);

--
-- Constraints for table `mechanic_record`
--
ALTER TABLE `mechanic_record`
  ADD CONSTRAINT `fk_users_branch_code` FOREIGN KEY (`user_branch_code`) REFERENCES `users_branch` (`code`);

--
-- Constraints for table `mechanic_services`
--
ALTER TABLE `mechanic_services`
  ADD CONSTRAINT `fk_mechanic_code` FOREIGN KEY (`code`) REFERENCES `users_branch` (`code`),
  ADD CONSTRAINT `fk_mechanic_id` FOREIGN KEY (`mechanic_id`) REFERENCES `mechanic_record` (`mechanic_id`),
  ADD CONSTRAINT `fk_services_id` FOREIGN KEY (`services_id`) REFERENCES `services` (`service_id`);

--
-- Constraints for table `outflow_selling`
--
ALTER TABLE `outflow_selling`
  ADD CONSTRAINT `fk_barcode_outflow` FOREIGN KEY (`barcode`) REFERENCES `products` (`barcode`),
  ADD CONSTRAINT `fk_codeOUTFLOW` FOREIGN KEY (`code`) REFERENCES `users` (`code`);

--
-- Constraints for table `outflow_selling_branch`
--
ALTER TABLE `outflow_selling_branch`
  ADD CONSTRAINT `fk_barcode_outflow_branch` FOREIGN KEY (`barcode`) REFERENCES `products` (`barcode`),
  ADD CONSTRAINT `fk_codeOUTFLOW_branch` FOREIGN KEY (`code`) REFERENCES `users_branch` (`code`);

--
-- Constraints for table `users_branch`
--
ALTER TABLE `users_branch`
  ADD CONSTRAINT `fk_branch` FOREIGN KEY (`branch_code`) REFERENCES `branch_record` (`code`);

--
-- Constraints for table `users_dealer`
--
ALTER TABLE `users_dealer`
  ADD CONSTRAINT `fk_users_dealer_code` FOREIGN KEY (`dealer_code`) REFERENCES `dealer_record` (`code`);
COMMIT;

/*!40101 SET CHARACTER_SET_CLIENT=@OLD_CHARACTER_SET_CLIENT */;
/*!40101 SET CHARACTER_SET_RESULTS=@OLD_CHARACTER_SET_RESULTS */;
/*!40101 SET COLLATION_CONNECTION=@OLD_COLLATION_CONNECTION */;
